Transect,Point,DFS(m),Surveyor,Lattitude,Longitude,Date,Depth(m),Substrate,Weather,PotFol,EloNut,CerDem,NajFle,PotCri,MyrSpi,ValAme,NajMin,PotGra,PotPer,ZanPal,CalSp,NymOdo,LemMin,SpiPol,StuPec
1,1,0,BobC,41.57056,-73.49008,6/20/05,0.2,Gravel,sunny,0,0,0,0,0,0,0,0,0,0,0,0,0,0,0,0
1,2,5,BobC,41.57057,-73.49014,6/20/05,2,Gravel,sunny,0,0,0,0,0,0,0,0,0,0,0,0,0,0,0,0
1,3,10,BobC,41.57054,-73.49021,6/20/05,ND,Silt,sunny,0,0,0,0,0,0,0,0,0,0,0,0,0,0,0,0
1,4,20,BobC,41.57051,-73.49033,6/20/05,3,Silt,sunny,0,0,0,0,0,0,0,0,0,0,0,0,0,0,0,0
1,5,30,BobC,41.57045,-73.49044,6/20/05,3,Silt,sunny,0,0,0,0,0,0,0,0,0,0,0,0,0,0,0,0
1,6,40,BobC&RozS,41.57041,-73.49054,6/20/05,3.5,Silt,sunny,0,0,0,0,0,0,0,0,0,0,0,0,0,0,0,0
1,7,50,BobC,41.57041,-73.49068,6/20/05,2.5,Silt,sunny,0,0,0,0,0,0,0,0,0,0,0,0,0,0,0,0
1,8,60,BobC,41.57037,-73.49076,6/20/05,2.2,Silt,sunny,0,0,0,0,0,0,0,0,0,0,0,0,0,0,0,0
1,9,70,BobC,41.57031,-73.49087,6/20/05,2.2,Silt,sunny,0,0,0,0,0,0,0,0,0,0,0,0,0,0,0,0
1,10,80,BobC&RozS,41.57027,-73.49099,6/20/05,2.5,Silt,sunny,0,0,0,0,0,0,0,0,0,0,0,0,0,0,0,0
2,4,0,Greg,41.57088,-73.4885,6/20/05,ND,ND,sunny,0,0,0,0,0,1,0,0,0,0,0,0,3,0,0,0
2,2,5,Greg,41.57093,-73.48183,6/20/05,ND,ND,sunny,0,0,0,0,0,0,0,0,0,0,0,0,0,0,0,0
2,3,10,Greg,41.5709,-73.48865,6/20/05,ND,ND,sunny,0,0,0,0,0,0,0,0,0,0,0,0,0,0,0,0
2,4,20,Greg,41.57087,-73.48865,6/20/05,ND,ND,sunny,0,0,0,0,1,1,0,0,0,0,0,0,0,0,0,0
2,5,30,Greg,41.57073,-73.48868,6/20/05,ND,ND,sunny,0,0,0,0,0,2,0,0,0,0,0,0,0,0,0,0
2,6,40,Greg,41.5707,-73.48872,6/20/05,ND,ND,sunny,0,0,0,0,1,1,0,0,0,0,0,0,0,0,0,0
2,7,50,Greg,41.57057,-73.4887,6/20/05,ND,ND,sunny,0,0,0,0,0,0,0,0,0,0,0,0,0,0,0,0
2,8,60,Greg,41.57048,-73.48878,6/20/05,ND,ND,sunny,0,0,0,0,0,0,0,0,0,0,0,0,0,0,0,0
2,9,70,Greg,41.5704,-73.4888,6/20/05,ND,ND,sunny,0,0,0,0,0,0,0,0,0,0,0,0,0,0,0,0
2,10,80,Greg,41.5703,-73.48887,6/20/05,ND,ND,sunny,0,0,0,0,0,0,0,0,0,0,0,0,0,0,0,0
3,1,0,Robert,41.55695,-73.47403,6/21/05,0.2,Gravel,sunny,0,0,0,0,0,0,0,0,0,0,0,0,0,0,0,0
3,2,5,Robert,41.55696,-73.47411,6/21/05,ND,Gravel,sunny,0,0,0,0,0,0,0,0,0,0,0,0,0,0,0,0
3,3,0,Robert,41.55693,-73.47416,6/21/05,ND,Sand,sunny,0,0,0,0,0,5,0,0,0,0,0,0,0,0,0,0
3,4,20,Robert,41.55696,-73.47432,6/21/05,ND,ND,sunny,0,0,0,0,0,0,0,0,0,0,0,0,0,0,0,0
3,5,20,Robert,41.55697,-73.47433,6/21/05,ND,ND,sunny,0,0,0,0,0,1,0,0,0,0,0,0,0,0,0,0
3,6,30,Robert,41.55687,-73.47439,6/21/05,ND,ND,sunny,0,0,0,0,0,0,0,0,0,0,0,0,0,0,0,0
3,7,40,Robert,41.55693,-73.47452,6/21/05,ND,ND,sunny,0,0,0,0,0,0,0,0,0,0,0,0,0,0,0,0
3,8,50,Robert,41.55686,-73.47462,6/21/05,ND,ND,sunny,0,0,0,0,0,0,0,0,0,0,0,0,0,0,0,0
3,3,10,Roslyn,41.55081,-73.47179,6/21/05,4.5,Sand,sunny,0,0,0,0,0,4,0,0,0,0,0,0,0,0,0,0
4,1,0,BobC,41.56745,-73.4902,6/20/05,0.2,Gravel,sunny,0,0,0,0,0,0,0,0,0,0,0,0,0,0,0,0
4,2,5,BobC,41.56747,-73.49015,6/20/05,2,Gravel,sunny,0,0,0,0,0,0,0,0,0,0,0,0,0,0,0,0
4,3,10,BobC,41.56747,-73.49009,6/20/05,2.2,Gravel,sunny,0,0,0,0,0,0,0,0,0,0,0,0,0,0,0,0
4,4,20,BobC,41.56753,-73.48999,6/20/05,5,ND,sunny,0,0,0,0,0,0,0,0,0,0,0,0,0,0,0,0
4,5,30,BobC,41.56756,-73.48986,6/20/05,5,ND,sunny,0,0,0,0,0,0,0,0,0,0,0,0,0,0,0,0
4,6,40,BobC,41.56756,-73.48976,6/20/05,ND,ND,sunny,0,0,0,0,0,0,0,0,0,0,0,0,0,0,0,0
4,7,50,BobC,41.56759,-73.48964,6/20/05,ND,ND,sunny,0,0,0,0,0,0,0,0,0,0,0,0,0,0,0,0
4,8,60,BobC,41.56763,-73.48951,6/20/05,ND,ND,sunny,0,0,0,0,0,0,0,0,0,0,0,0,0,0,0,0
4,9,70,BobC,41.56766,-73.4894,6/20/05,ND,ND,sunny,0,0,0,0,0,0,0,0,0,0,0,0,0,0,0,0
4,10,80,BobC,41.56763,-73.48927,6/20/05,ND,ND,sunny,0,0,0,0,0,0,0,0,0,0,0,0,0,0,0,0
5,1,0,Greg,41.56605,-73.48777,6/20/05,0.2,ND,sunny,0,0,0,0,0,1,0,0,0,0,0,0,0,0,0,0
5,2,5,Greg,41.56603,-73.48783,6/20/05,ND,ND,sunny,0,0,0,0,0,3,0,0,0,0,0,0,0,0,0,0
5,3,10,Greg,41.56602,-73.4879,6/20/05,ND,ND,sunny,0,0,0,0,0,5,0,0,0,0,0,0,0,0,0,0
5,4,20,Greg,41.566,-73.48795,6/20/05,ND,ND,sunny,0,0,0,0,0,5,0,0,0,0,0,0,0,0,0,0
5,5,30,Greg,41.56588,-73.48802,6/20/05,ND,ND,sunny,0,0,0,0,0,3,0,0,0,0,0,0,0,0,0,0
5,6,40,Greg,41.56593,-73.4882,6/20/05,ND,ND,sunny,0,0,0,0,0,1,0,0,0,0,0,0,0,0,0,0
5,7,50,Greg,41.5659,-73.48835,6/20/05,ND,ND,sunny,0,0,0,0,0,0,0,0,0,0,0,0,0,0,0,0
5,8,60,Greg,41.56585,-73.48845,6/20/05,ND,ND,sunny,0,0,0,0,0,0,0,0,0,0,0,0,0,0,0,0
5,),70,Greg,41.56582,-73.48853,6/20/05,ND,ND,sunny,0,0,0,0,0,0,0,0,0,0,0,0,0,0,0,0
5,10,80,Greg,41.56568,-73.48858,6/20/05,ND,ND,sunny,0,0,0,0,0,0,0,0,0,0,0,0,0,0,0,0
6,1,0,Robert,41.55193,-73.46602,6/21/05,0.2,ND,sunny,0,0,0,0,0,0,0,0,0,0,0,0,0,0,0,0
6,2,5,Robert,41.55192,-73.46604,6/21/05,ND,Rock,sunny,0,0,0,0,0,4,0,0,0,0,0,0,0,0,0,0
6,3,10,Robert,41.55187,-73.46613,6/21/05,ND,ND,sunny,0,0,0,0,0,0,0,0,0,0,0,0,0,0,0,0
6,4,20,Robert,41.55185,-73.4662,6/21/05,ND,ND,sunny,0,0,0,0,0,0,0,0,0,0,0,0,0,0,0,0
6,5,30,Robert,41.5518,-73.46637,6/21/05,ND,ND,sunny,0,0,0,0,0,0,0,0,0,0,0,0,0,0,0,0
6,6,40,Robert,41.55176,-73.46653,6/21/05,ND,ND,sunny,0,0,0,0,0,0,0,0,0,0,0,0,0,0,0,0
6,7,50,Robert,41.55174,-73.46664,6/21/05,ND,ND,sunny,0,0,0,0,0,0,0,0,0,0,0,0,0,0,0,0
6,8,60,Robert,41.55163,-73.46663,6/21/05,ND,ND,sunny,0,0,0,0,0,0,0,0,0,0,0,0,0,0,0,0
6,9,70,Robert,41.55169,-73.46683,6/21/05,ND,ND,sunny,0,0,0,0,0,0,0,0,0,0,0,0,0,0,0,0
6,10,80,Robert,41.55169,-73.46692,6/21/05,ND,ND,sunny,0,0,0,0,0,0,0,0,0,0,0,0,0,0,0,0
7,1,0,BobC,41.56712,-73.48368,6/20/05,0.2,Gravel,sunny,0,0,0,0,0,0,0,0,0,0,0,0,0,0,0,0
7,2,5,BobC,41.56708,-73.48367,6/20/05,0.7,Sand,sunny,0,0,0,0,0,0,0,0,0,0,0,0,0,0,0,0
7,3,10,BobC,41.56702,-73.48366,6/20/05,1.9,Sand,sunny,0,0,0,0,0,0,0,0,0,0,0,0,0,0,0,0
7,4,20,BobC,41.56694,-73.48366,6/20/05,2.2,Sand,sunny,0,0,0,0,0,3,0,0,0,0,0,0,0,0,0,0
7,5,30,BobC,41.56685,-73.48365,6/20/05,2.2,ND,sunny,0,0,0,0,0,5,0,0,0,0,0,0,0,0,0,0
7,6,40,BobC,41.56677,-73.48358,6/20/05,3,Sand,sunny,0,0,0,0,0,5,0,0,0,0,0,0,0,0,0,0
7,7,50,BobC,41.56668,-73.48351,6/20/05,3.8,ND,sunny,0,0,0,0,0,4,0,0,0,0,0,0,0,0,0,0
7,8,60,BobC,41.56662,-73.48343,6/20/05,5,ND,sunny,0,0,0,0,0,0,0,0,0,0,0,0,0,0,0,0
7,9,70,BobC,41.56653,-73.48336,6/20/05,ND,ND,sunny,0,0,0,0,0,0,0,0,0,0,0,0,0,0,0,0
7,10,80,BobC,41.56644,-73.48328,6/20/05,ND,ND,sunny,0,0,0,0,0,0,0,0,0,0,0,0,0,0,0,0
8,4,0,Greg,41.56147,-73.4869,6/20/05,0.2,ND,sunny,0,0,0,0,0,0,0,0,0,0,0,0,0,0,0,0
8,2,5,Greg,41.55648,-73.48683,6/20/05,ND,ND,sunny,0,0,0,0,0,0,0,0,0,0,0,0,0,0,0,0
8,3,10,Greg,41.56153,-73.48683,6/20/05,ND,ND,sunny,0,0,0,0,0,0,0,0,0,0,0,0,0,0,0,0
8,4,20,Greg,41.56163,-73.48678,6/20/05,ND,ND,sunny,0,0,0,0,0,0,0,0,0,0,0,0,0,0,0,0
8,5,30,GregBugbee,41.56173,-73.4867,6/20/05,ND,ND,sunny,0,0,0,0,0,1,0,0,0,0,0,0,0,0,0,0
8,6,40,Greg,41.56177,-73.4866,6/20/05,ND,ND,sunny,0,0,0,0,0,0,0,0,0,0,0,0,0,0,0,0
8,7,50,Greg,41.56182,-73.48653,6/20/05,ND,ND,sunny,0,0,0,0,0,0,0,0,0,0,0,0,0,0,0,0
8,8,60,Greg,41.56192,-73.48653,6/20/05,ND,ND,sunny,0,0,0,0,0,0,0,0,0,0,0,0,0,0,0,0
8,9,70,Greg,41.562,-73.48645,6/20/05,ND,ND,sunny,0,0,0,0,0,0,0,0,0,0,0,0,0,0,0,0
8,10,80,Greg,41.56207,-73.48648,6/20/05,ND,ND,sunny,0,0,0,0,0,0,0,0,0,0,0,0,0,0,0,0
9,1,0,Robert,41.54282,-73.45859,6/21/05,0.2,Rock,sunny,0,0,0,0,0,1,0,0,0,0,0,0,0,0,0,0
9,2,5,Robert,41.54277,-73.45862,6/21/05,ND,ND,sunny,0,0,0,0,0,0,0,0,0,0,0,0,0,0,0,0
9,3,10,Robert,41.54274,-73.45866,6/21/05,ND,Silt,sunny,0,0,0,0,0,5,0,0,0,0,0,0,0,0,0,0
9,4,20,Robert,41.54271,-73.45881,6/21/05,ND,ND,sunny,0,0,0,0,0,0,0,0,0,0,0,0,0,0,0,0
10,1,0,BobC&RozS,41.56302,-73.47768,6/20/05,0.3,Rock,sunny,0,0,0,0,0,0,0,0,0,0,0,0,0,0,0,0
10,2,5,BobC,41.56299,-73.47776,6/20/05,3,Rock,sunny,0,0,0,0,0,0,0,0,0,0,0,0,0,0,0,0
10,3,10,BobC&RozS,41.56296,-73.47778,6/20/05,5,ND,sunny,0,0,0,0,0,0,0,0,0,0,0,0,0,0,0,0
10,4,20,BobC,41.5629,-73.47789,6/20/05,10,ND,sunny,0,0,0,0,0,1,0,0,0,0,0,0,0,0,0,0
10,5,30,BobC&RozS,41.56283,-73.47793,6/20/05,0.2,ND,sunny,0,0,0,0,0,0,0,0,0,0,0,0,0,0,0,0
11,1,0,Greg,41.5583,-73.48185,6/20/05,ND,ND,sunny,0,0,0,0,0,0,0,0,0,0,0,0,0,0,0,0
11,2,5,Greg,41.55833,-73.4818,6/20/05,ND,ND,sunny,0,0,0,0,0,0,0,0,0,0,0,0,0,0,0,0
11,3,10,GregBugbee,41.55838,-73.48177,6/20/05,ND,ND,sunny,0,0,0,0,0,1,0,0,0,0,0,0,0,0,0,0
11,4,20,Greg,41.55888,-73.47515,6/20/05,ND,ND,sunny,0,0,0,0,0,5,0,0,0,0,0,0,0,0,0,0
11,5,30,GregBugbee,41.55852,-73.4316,6/20/05,ND,ND,sunny,0,0,0,0,0,4,0,0,0,0,0,0,0,0,0,0
11,6,40,GregBugbee,41.55862,-73.48158,6/20/05,ND,ND,sunny,0,0,0,0,0,4,0,0,0,0,0,0,0,0,0,0
11,7,50,Greg,41.55872,-73.4816,6/20/05,ND,ND,sunny,0,0,0,0,0,3,0,0,0,0,0,0,0,0,0,0
11,8,60,GregBugbee,41.5588,-73.48158,6/20/05,ND,ND,sunny,0,0,0,0,0,3,0,0,0,0,0,0,0,0,0,0
11,9,70,GregBugbee,41.55888,-73.48143,6/20/05,ND,ND,sunny,0,0,0,0,0,5,0,0,0,0,0,0,0,0,0,0
11,10,80,GregBugbee,41.55897,-73.48142,6/20/05,ND,ND,sunny,0,0,0,0,0,5,0,0,0,0,0,0,0,0,0,0
12,1,0,Robert,41.53916,-73.45686,6/21/05,1,Rock,sunny,0,0,0,0,0,0,0,0,0,0,0,0,0,0,0,0
12,2,5,Robert,41.53914,-73.45688,6/21/05,3.5,Rock,sunny,0,0,0,0,0,0,0,0,0,0,0,0,0,0,0,0
12,3,10,Robert,41.53913,-73.45698,6/21/05,ND,ND,sunny,0,0,0,0,0,0,0,0,0,0,0,0,0,0,0,0
12,4,20,Robert,41.53909,-73.45714,6/21/05,ND,ND,sunny,0,0,0,0,0,0,0,0,0,0,0,0,0,0,0,0
12,5,30,#NAME?,41.53904,-73.45722,6/21/05,ND,ND,sunny,0,0,0,0,0,0,0,0,0,0,0,0,0,0,0,0
12,6,40,Robert,41.53905,-73.4573,6/21/05,ND,ND,sunny,0,0,0,0,0,0,0,0,0,0,0,0,0,0,0,0
12,7,50,Robert,41.53897,-73.45745,6/21/05,ND,ND,sunny,0,0,0,0,0,0,0,0,0,0,0,0,0,0,0,0
13,1,0,Greg,41.5587,-73.48475,6/20/05,0.2,ND,sunny,0,0,0,0,0,0,0,0,0,0,0,0,0,0,0,0
13,2,5,Greg,41.55867,-73.48473,6/20/05,ND,ND,sunny,0,0,0,0,0,0,0,0,0,0,0,0,0,0,0,0
13,3,10,GregBugbee,41.55862,-73.48472,6/20/05,ND,ND,sunny,0,0,0,0,0,1,0,0,0,0,0,0,0,0,0,0
13,4,20,GregBugbee,41.55857,-73.48465,6/20/05,ND,ND,sunny,0,0,0,0,0,1,0,0,0,0,0,0,0,0,0,0
13,5,30,GregBugbee,41.55852,-73.48453,6/20/05,ND,ND,sunny,0,0,0,0,0,0,0,0,0,0,0,0,0,0,0,0
13,6,40,GregBugbee,41.55852,-73.48437,6/20/05,ND,ND,sunny,0,0,0,0,0,0,0,0,0,0,0,0,0,0,0,0
13,7,50,GregBugbee,41.55845,-73.48428,6/20/05,ND,ND,sunny,0,0,0,0,0,0,0,0,0,0,0,0,0,0,0,0
13,8,60,Greg,41.55837,-73.4842,6/20/05,ND,ND,sunny,0,0,0,0,0,0,0,0,0,0,0,0,0,0,0,0
13,9,70,GregBugbee,41.55832,-73.48413,6/20/05,ND,ND,sunny,0,0,0,0,0,0,0,0,0,0,0,0,0,0,0,0
13,10,80,GregBugbee,41.55822,-73.4841,6/20/05,ND,ND,sunny,0,0,0,0,0,0,0,0,0,0,0,0,0,0,0,0
14,1,0,Robert,41.53125,-73.45427,6/21/05,0.2,Sand,sunny,0,0,0,0,0,0,0,0,0,0,0,0,0,0,0,0
14,2,0,Robert,41.53124,-73.45427,6/21/05,0.5,Sand,sunny,0,0,0,0,0,2,0,0,0,0,0,0,0,0,0,3
14,3,10,Robert,41.53118,-73.45436,6/21/05,1,Sand,sunny,0,0,0,0,0,0,0,0,0,0,0,0,0,0,0,0
14,4,20,Robert,41.53108,-73.45439,6/21/05,2,Sand,sunny,0,0,0,0,0,0,0,0,0,0,0,0,0,0,0,0
14,5,30,Robert,41.531,-73.45445,6/21/05,3,Sand,sunny,0,0,0,0,0,4,0,0,0,0,0,0,0,0,0,0
14,6,40,Robert,41.53093,-73.45452,6/21/05,4,Sand,sunny,0,0,0,0,0,4,0,0,0,0,0,0,0,0,0,0
14,7,50,Robert,41.53082,-73.45457,6/21/05,ND,ND,sunny,0,0,0,0,0,0,0,0,0,0,0,0,0,0,0,0
14,8,60,Robert,41.53074,-73.4546,6/21/05,ND,ND,sunny,0,0,0,0,0,0,0,0,0,0,0,0,0,0,0,0
14,9,70,Robert,41.53068,-73.4547,6/21/05,ND,ND,sunny,0,0,0,0,0,0,0,0,0,0,0,0,0,0,0,0
14,10,80,Robert,41.53061,-73.4547,6/21/05,ND,ND,sunny,0,0,0,0,0,0,0,0,0,0,0,0,0,0,0,0
15,1,0,Roslyn,41.55083,-73.4717,6/21/05,1,Gravel,sunny,0,0,0,0,0,0,0,0,0,0,0,0,0,0,0,0
15,2,5,Roslyn,41.55079,-73.47174,6/21/05,2,Gravel,sunny,0,0,0,0,0,0,0,0,0,0,0,0,0,0,0,0
15,4,20,~=Roslyn,41.55082,-73.47194,6/21/05,ND,ND,sunny,0,0,0,0,0,0,0,0,0,0,0,0,0,0,0,0
15,5,30,~=Roslyn,41.55076,-73.47207,6/21/05,ND,ND,sunny,0,0,0,0,0,0,0,0,0,0,0,0,0,0,0,0
15,6,40,Roslyn,41.55077,-73.47217,6/21/05,ND,ND,sunny,0,0,0,0,0,0,0,0,0,0,0,0,0,0,0,0
15,7,50,=,41.55067,-73.47227,6/21/05,ND,ND,sunny,0,0,0,0,0,0,0,0,0,0,0,0,0,0,0,0
15,8,60,Roslyn,41.55072,-73.47241,6/21/05,ND,ND,sunny,0,0,0,0,0,0,0,0,0,0,0,0,0,0,0,0
15,9,70,=,41.55082,-73.47254,6/21/05,ND,ND,sunny,0,0,0,0,0,0,0,0,0,0,0,0,0,0,0,0
15,10,80,Roslyn,41.55072,-73.47266,6/21/05,ND,ND,sunny,0,0,0,0,0,0,0,0,0,0,0,0,0,0,0,0
16,1,0,Greg,41.55447,-73.48042,6/21/05,ND,ND,sunny,0,0,0,0,0,0,0,0,0,0,0,0,0,0,0,0
16,2,5,Greg,41.5545,-73.48033,6/21/05,ND,ND,sunny,0,0,0,0,0,0,0,0,0,0,0,0,0,0,0,0
16,3,10,GregBugbee,41.55456,-73.48028,6/21/05,ND,ND,sunny,0,0,0,0,0,0,0,0,0,0,0,0,0,0,0,0
16,4,20,GregBugbee,41.55461,-73.48022,6/21/05,ND,ND,sunny,0,0,0,0,0,0,0,0,0,0,0,0,0,0,0,0
16,5,30,GregBugbee,41.55467,-73.48008,6/21/05,ND,ND,sunny,0,0,0,0,0,0,0,0,0,0,0,0,0,0,0,0
16,6,40,GregBugbee,41.55475,-73.48008,6/21/05,ND,ND,sunny,0,0,0,0,0,0,0,0,0,0,0,0,0,0,0,0
16,7,50,GregBugbee,41.55489,-73.47967,6/21/05,ND,ND,sunny,0,0,0,0,0,0,0,0,0,0,0,0,0,0,0,0
16,8,60,GregBugbee,41.55486,-73.47986,6/21/05,ND,ND,sunny,0,0,0,0,0,0,0,0,0,0,0,0,0,0,0,0
16,9,70,GregBugbee,41.55489,-73.47975,6/21/05,ND,ND,sunny,0,0,0,0,0,0,0,0,0,0,0,0,0,0,0,0
16,10,80,GregBugbee,41.55503,-73.47975,6/21/05,ND,ND,sunny,0,0,0,0,0,0,0,0,0,0,0,0,0,0,0,0
17,1,0,Robert,41.51994,-73.45175,6/21/05,0.3,Rock,sunny,0,0,0,0,0,0,0,0,0,0,0,0,0,0,0,0
17,2,5,Robert,41.51992,-73.4518,6/21/05,2,Rock,sunny,0,0,0,0,0,0,0,0,0,0,0,0,0,0,0,0
17,3,10,Robert,41.51994,-73.45188,6/21/05,3,Sand,sunny,0,0,0,0,0,3,0,0,0,0,0,0,0,0,0,0
17,4,20,Robert,41.51991,-73.45198,6/21/05,ND,ND,sunny,0,0,0,0,0,0,0,0,0,0,0,0,0,0,0,0
17,5,30,Robert,41.51991,-73.45213,6/21/05,ND,ND,sunny,0,0,0,0,0,0,0,0,0,0,0,0,0,0,0,0
17,6,40,Robert,41.51986,-73.45225,6/21/05,ND,ND,sunny,0,0,0,0,0,0,0,0,0,0,0,0,0,0,0,0
18,1,0,~=Roslyn,41.54385,-73.4659,6/21/05,0.3,Rock,sunny,0,0,0,0,0,0,0,0,0,0,0,0,0,0,0,0
18,2,5,Roslyn,41.54389,-73.46589,6/21/05,2,Rock,sunny,0,0,0,0,0,0,0,0,0,0,0,0,0,0,0,0
18,3,10,Roslyn,41.54394,-73.46584,6/21/05,11,ND,sunny,0,0,0,0,0,4,0,0,0,0,0,0,0,0,0,0
18,4,20,=,41.54392,-73.46569,6/21/05,ND,ND,sunny,0,0,0,0,0,0,0,0,0,0,0,0,0,0,0,0
18,5,30,=,41.544,-73.46556,6/21/05,ND,ND,sunny,0,0,0,0,0,0,0,0,0,0,0,0,0,0,0,0
18,6,40,Roslyn,41.54408,-73.46552,6/21/05,ND,ND,sunny,0,0,0,0,0,0,0,0,0,0,0,0,0,0,0,0
18,7,50,Roslyn,41.54408,-73.46534,6/21/05,ND,ND,sunny,0,0,0,0,0,0,0,0,0,0,0,0,0,0,0,0
18,8,60,Roslyn,41.54388,-73.46519,6/21/05,ND,ND,sunny,0,0,0,0,0,0,0,0,0,0,0,0,0,0,0,0
18,9,70,~=Roslyn,41.54387,-73.46507,6/21/05,ND,ND,sunny,0,0,0,0,0,0,0,0,0,0,0,0,0,0,0,0
18,10,80,Roslyn,41.544,-73.46506,6/21/05,ND,ND,sunny,0,0,0,0,0,0,0,0,0,0,0,0,0,0,0,0
19,1,0,Greg,41.55018,-73.47655,6/21/05,ND,ND,sunny,0,0,0,0,0,0,0,0,0,0,0,0,0,0,0,0
19,2,5,Greg,41.55021,-73.47649,6/21/05,ND,ND,sunny,0,0,0,0,0,1,0,0,0,0,0,0,0,0,0,0
19,3,10,Greg,41.55025,-73.47645,6/21/05,ND,ND,sunny,0,0,0,0,0,0,0,0,0,0,0,0,0,0,0,0
19,4,20,Greg,41.55033,-73.47643,6/21/05,ND,ND,sunny,0,0,0,0,0,3,0,0,0,0,0,0,0,0,0,0
19,5,30,Greg,41.55045,-73.47643,6/21/05,ND,ND,sunny,0,0,0,0,0,0,0,0,0,0,0,0,0,0,0,0
19,6,40,Greg,41.5505,-73.47639,6/21/05,ND,ND,sunny,0,0,0,0,0,0,0,0,0,0,0,0,0,0,0,0
19,7,50,Greg,41.55061,-73.47639,6/21/05,ND,ND,sunny,0,0,0,0,0,0,0,0,0,0,0,0,0,0,0,0
19,8,60,Greg,41.55072,-73.47634,6/21/05,ND,ND,sunny,0,0,0,0,0,0,0,0,0,0,0,0,0,0,0,0
19,9,70,Greg,41.55079,-73.47628,6/21/05,ND,ND,sunny,0,0,0,0,0,0,0,0,0,0,0,0,0,0,0,0
19,10,80,Greg,41.55086,-73.47622,6/21/05,ND,ND,sunny,0,0,0,0,0,0,0,0,0,0,0,0,0,0,0,0
20,1,0,Roslyn,41.53457,-73.46198,6/21/05,0.3,Rock,sunny,0,0,0,0,0,0,0,0,0,0,0,0,0,0,0,0
20,2,5,Roslyn,41.53455,-73.46192,6/21/05,2,Rock,sunny,0,0,0,0,0,0,0,0,0,0,0,0,0,0,0,0
20,3,10,Roslyn,41.5346,-73.46183,6/21/05,6,Gravel,sunny,0,0,0,0,0,3,0,0,0,0,0,0,0,0,0,0
20,4,20,~=Roslyn,41.53456,-73.46174,6/21/05,ND,ND,sunny,0,0,0,0,0,2,0,0,0,0,0,0,0,0,0,0
20,5,30,~=‚Äî-,41.53458,-73.46161,6/21/05,ND,ND,sunny,0,0,0,0,0,0,0,0,0,0,0,0,0,0,0,0
20,6,40,~=Roslyn,41.53456,-73.4615,6/21/05,ND,ND,sunny,0,0,0,0,0,0,0,0,0,0,0,0,0,0,0,0
20,7,50,~=Roslyn,41.53471,-73.46132,6/21/05,ND,ND,sunny,0,0,0,0,0,0,0,0,0,0,0,0,0,0,0,0
20,8,60,Roslyn,41.53469,-73.46128,6/21/05,ND,ND,sunny,0,0,0,0,0,0,0,0,0,0,0,0,0,0,0,0
21,1,0,Greg,41.54716,-73.47415,6/21/05,ND,ND,sunny,0,0,0,0,0,0,0,0,0,0,0,0,0,0,0,0
21,2,5,Greg,41.54719,-73.47412,6/21/05,ND,ND,sunny,0,0,0,0,0,0,0,0,0,0,0,0,0,0,0,0
21,3,10,Greg,41.54722,-73.47408,6/21/05,ND,ND,sunny,0,0,0,0,0,0,0,0,0,0,0,0,0,0,0,0
21,4,20,Greg,41.54728,-73.47398,6/21/05,ND,ND,sunny,0,0,0,0,0,0,0,0,0,0,0,0,0,0,0,0
21,5,30,Greg,41.54735,-73.4739,6/21/05,45,ND,sunny,0,0,0,0,0,0,0,0,0,0,0,0,0,0,0,0
21,6,40,Greg,41.54736,-73.47375,6/21/05,5.7,ND,sunny,0,0,0,0,0,0,0,0,0,0,0,0,0,0,0,0
21,7,50,Greg,41.54749,-73.47375,6/21/05,5.3,ND,sunny,0,0,0,0,0,0,0,0,0,0,0,0,0,0,0,0
21,8,60,Greg,41.5475,-73.47358,6/21/05,ND,ND,sunny,0,0,0,0,0,0,0,0,0,0,0,0,0,0,0,0
21,9,70,Greg,41.54754,-73.47351,6/21/05,ND,ND,sunny,0,0,0,0,0,0,0,0,0,0,0,0,0,0,0,0
21,10,80,GregBugbee,41.54757,-73.47338,6/21/05,ND,ND,sunny,0,0,0,0,0,0,0,0,0,0,0,0,0,0,0,0
22,1,0,Robert,41.51386,-73.45339,6/21/05,0.2,ND,sunny,0,0,0,0,0,3,0,0,0,0,0,0,0,3,2,0
22,2,5,Robert,41.51391,-73.45342,6/21/05,0.6,Sand,sunny,0,0,0,0,0,1,0,0,0,0,0,0,0,0,0,0
22,3,10,Robert,41.51397,-73.45339,6/21/05,1.6,Sand,sunny,0,0,0,0,0,3,0,0,0,0,0,0,0,0,0,0
22,4,20,Robert,41.51405,-73.45344,6/21/05,2,Sand,sunny,0,0,0,0,0,2,0,0,0,0,0,0,0,0,0,0
22,5,30,~=Robert,41.51414,-73.45346,6/21/05,2.2,Sand,sunny,0,0,0,0,0,4,0,0,0,0,0,0,0,0,0,0
22,6,40,Robert,41.51423,-73.45347,6/21/05,2.5,Sand,sunny,0,0,0,0,0,5,0,0,0,0,0,0,0,0,0,0
22,7,50,Robert,41.51433,-73.45342,6/21/05,3,Sand,sunny,0,0,0,0,0,5,0,0,0,0,0,0,0,0,0,0
22,8,60,Robert,41.5144,-73.45343,6/21/05,4,ND,sunny,0,0,0,0,0,0,0,0,0,0,0,0,0,0,0,0
22,9,70,Robert,41.51448,-73.45349,6/21/05,ND,ND,sunny,0,0,0,0,0,0,0,0,0,0,0,0,0,0,0,0
22,10,80,Robert,41.5145,-73.45345,6/21/05,ND,ND,sunny,0,0,0,0,0,1,0,0,0,0,0,0,0,0,0,0
23,1,0,Robert,41.52254,-73.45242,6/21/05,0.1,Sand,sunny,0,0,0,0,0,0,0,0,0,0,0,0,0,0,0,0
23,2,5,Roslyn,41.52253,-73.45247,6/21/05,1,Rock,sunny,0,0,0,0,0,0,0,0,0,0,0,0,0,0,0,0
23,3,10,Roslyn,41.52251,-73.45251,6/21/05,10,Sand,sunny,0,0,0,0,0,2,0,0,0,0,0,0,0,0,0,0
23,4,20,Roslyn,41.52248,-73.45271,6/21/05,ND,ND,sunny,0,0,0,0,0,0,0,0,0,0,0,0,0,0,0,0
23,5,30,Roslyn,41.52251,-73.45281,6/21/05,ND,ND,sunny,0,0,0,0,0,0,0,0,0,0,0,0,0,0,0,0
23,6,40,Roslyn,41.52259,-73.45294,6/21/05,ND,ND,sunny,0,0,0,0,0,0,0,0,0,0,0,0,0,0,0,0
23,7,50,~=Roslyn,41.52275,-73.45301,6/21/05,ND,ND,sunny,0,0,0,0,0,0,0,0,0,0,0,0,0,0,0,0
24,1,0,Greg,41.54196,-73.47237,6/21/05,ND,ND,sunny,0,0,0,0,0,0,0,0,0,0,0,0,0,0,0,0
24,2,5,GregBugbee,41.54195,-73.47236,6/21/05,ND,ND,sunny,0,0,0,0,0,1,0,0,0,0,0,0,0,0,0,0
24,3,10,Greg,41.54198,-73.47231,6/21/05,ND,ND,sunny,0,0,0,0,0,0,0,0,0,0,0,0,0,0,0,0
24,4,20,Greg,41.54207,-73.47221,6/21/05,7,ND,sunny,0,0,0,0,0,0,0,0,0,0,0,0,0,0,0,0
24,5,30,Greg,41.54208,-73.47208,6/21/05,ND,ND,sunny,0,0,0,0,0,0,0,0,0,0,0,0,0,0,0,0
24,6,40,GregBugbee,41.54216,-73.47202,6/21/05,ND,ND,sunny,0,0,0,0,0,0,0,0,0,0,0,0,0,0,0,0
24,7,50,Greg,41.54223,-73.4719,6/21/05,ND,ND,sunny,0,0,0,0,0,0,0,0,0,0,0,0,0,0,0,0
24,8,60,GregBugbee,41.54225,-73.47181,6/21/05,ND,ND,sunny,0,0,0,0,0,0,0,0,0,0,0,0,0,0,0,0
24,9,70,Greg,41.54229,-73.47171,6/21/05,ND,ND,sunny,0,0,0,0,0,0,0,0,0,0,0,0,0,0,0,0
24,10,80,Greg,41.54232,-73.47158,6/21/05,ND,ND,sunny,0,0,0,0,0,0,0,0,0,0,0,0,0,0,0,0
25,1,0,Robert,41.50213,-73.4515,6/21/05,0.2,Sand,sunny,0,0,0,0,0,0,0,0,0,0,0,0,0,0,0,0
25,2,5,Robert,41.50213,-73.45156,6/21/05,0.7,Sand,sunny,0,0,0,0,0,2,0,0,0,0,0,0,0,0,0,0
25,3,10,Robert,41.50213,-73.45163,6/21/05,1.5,Sand,sunny,0,0,0,0,0,2,0,0,0,0,0,0,0,0,0,0
25,4,20,Robert,41.50213,-73.45174,6/21/05,2,Sand,sunny,0,0,0,0,0,3,0,0,0,0,0,0,0,0,0,0
25,5,30,Robert,41.50214,-73.45186,6/21/05,2.5,Sand,sunny,0,0,0,0,0,2,0,0,0,0,0,0,0,0,0,0
25,6,40,Robert,41.50209,-73.45199,6/21/05,3.2,Sand,sunny,0,0,0,0,0,5,0,0,0,0,0,0,0,0,0,0
25,7,50,Robert,41.50202,-73.45208,6/21/05,4,ND,sunny,0,0,0,0,0,5,0,0,0,0,0,0,0,0,0,0
25,8,60,Robert,41.50204,-73.45221,6/21/05,0,ND,sunny,0,0,0,0,0,5,0,0,0,0,0,0,0,0,0,0
25,9,70,Robert,41.50202,-73.45235,6/21/05,0,ND,sunny,0,0,0,0,4,2,0,0,0,0,0,0,0,0,0,0
25,10,80,Robert,41.50193,-73.45239,6/21/05,0,ND,sunny,0,0,0,0,0,1,0,0,0,0,0,0,0,0,0,0
26,1,0,Roslyn,41.51345,-73.4554,6/21/05,0.1,Sand,sunny,0,0,0,0,0,0,0,0,0,0,0,0,0,0,0,0
26,2,5,Roslyn,41.5135,-73.45543,6/21/05,1,Sand,sunny,0,0,0,0,0,0,0,0,0,0,0,0,0,0,0,0
26,3,10,Roslyn,41.51354,-73.45541,6/21/05,2,Sand,sunny,0,0,0,0,0,0,0,0,0,0,0,0,0,0,0,0
26,4,20,~=Roslyn,41.51362,-73.4555,6/21/05,5,Sand,sunny,0,0,0,0,0,4,0,0,0,0,0,0,0,0,0,0
26,5,30,~=‚Äî-,41.51373,-73.45544,6/21/05,9,Sand,sunny,0,0,0,0,0,4,0,0,0,0,0,0,0,0,0,0
26,6,40,Roslyn,41.51384,-73.45546,6/21/05,11,Sand,sunny,0,0,0,0,0,2,0,0,0,0,0,0,0,0,0,0
26,7,50,Roslyn,41.5139,-73.45544,6/21/05,ND,Sand,sunny,0,0,0,0,0,5,0,0,0,0,0,0,0,0,0,0
26,8,60,Roslyn,41.51401,-73.45547,6/21/05,ND,Sand,sunny,0,0,0,0,0,2,0,0,0,0,0,0,0,0,0,0
26,9,70,~=Roslyn,41.51408,-73.45551,6/21/05,ND,Sand,sunny,0,0,0,0,0,5,0,0,0,0,0,0,0,0,0,0
26,10,80,Roslyn,41.51418,-73.45547,6/21/05,ND,Sand,sunny,0,0,0,0,0,4,0,0,0,0,0,0,0,0,0,0
27,1,0,Greg,41.53898,-73.46696,6/21/05,ND,ND,sunny,0,0,0,0,0,0,0,0,0,0,0,0,0,0,0,0
27,2,5,Greg,41.53897,-73.46701,6/21/05,2.2,ND,sunny,0,0,0,0,0,0,0,0,0,0,0,0,0,0,0,0
27,3,10,Greg,41.53895,-73.4671,6/21/05,26,ND,sunny,0,0,0,0,0,0,0,0,0,0,0,0,0,0,0,0
27,4,20,Greg,41.53896,-73.46722,6/21/05,45,ND,sunny,0,0,0,0,0,0,0,0,0,0,0,0,0,0,0,0
27,5,30,Greg,41.53901,-73.46733,6/21/05,6.2,ND,sunny,0,0,0,0,0,0,0,0,0,0,0,0,0,0,0,0
27,6,40,Greg,41.53891,-73.46745,6/21/05,76,ND,sunny,0,0,0,0,0,0,0,0,0,0,0,0,0,0,0,0
27,7,50,Greg,41.53885,-73.46756,6/21/05,8,ND,sunny,0,0,0,0,0,0,0,0,0,0,0,0,0,0,0,0
27,8,60,Greg,41.53885,-73.46767,6/21/05,8.6,ND,sunny,0,0,0,0,0,0,0,0,0,0,0,0,0,0,0,0
27,9,70,Greg,41.53885,-73.4678,6/21/05,8.9,ND,sunny,0,0,0,0,0,0,0,0,0,0,0,0,0,0,0,0
27,10,80,Greg,41.53884,-73.46791,6/21/05,9.1,ND,sunny,0,0,0,0,0,0,0,0,0,0,0,0,0,0,0,0
28,1,0,Robert,41.49827,-73.44867,6/21/05,0.3,Rock,sunny,0,0,0,0,0,0,0,0,0,0,0,0,0,0,0,0
28,2,¬ß,Robert,41.49828,-73.44866,6/21/05,1.7,Rock,sunny,0,0,0,0,0,0,0,0,0,0,0,0,0,0,0,0
28,3,0,Robert,41.49822,-73.44877,6/21/05,0,ND,sunny,0,0,0,0,0,0,0,0,0,0,0,0,0,0,0,0
28,4,20,Robert,41.49815,-73.44887,6/21/05,0,ND,sunny,0,0,0,0,0,0,0,0,0,0,0,0,0,0,0,0
29,1,0,Roslyn,41.50741,-73.45395,6/21/05,0.3,Rock,sunny,0,0,0,0,0,0,0,0,0,0,0,0,0,0,0,0
29,2,5,Roslyn,41.50736,-73.45398,6/21/05,2,Rock,sunny,0,0,0,0,0,0,0,0,0,0,0,0,0,0,0,0
29,3,10,Roslyn,41.5074,-73.45404,6/21/05,7,Sand,sunny,0,0,0,0,0,0,0,0,0,0,0,0,0,0,0,0
29,4,20,Roslyn,41.50728,-73.45401,6/21/05,10,Sand,sunny,0,0,0,0,0,5,0,0,0,0,0,0,0,0,0,0
29,5,30,Roslyn,41.50731,-73.45426,6/21/05,0,ND,sunny,0,0,0,0,0,0,0,0,0,0,0,0,0,0,0,0
29,6,40,Roslyn,41.50729,-73.45439,6/21/05,0,Sand,sunny,0,0,0,0,0,0,0,0,0,0,0,0,0,0,0,0
30,1,0,Greg,41.53746,-73.46925,6/21/05,ND,ND,sunny,0,0,0,0,0,0,0,0,0,0,0,0,0,0,0,0
30,2,5,Greg,41.53747,-73.46917,6/21/05,0.2,ND,sunny,0,0,0,0,0,4,0,0,0,0,0,0,0,0,0,0
30,3,10,Greg,41.53748,-73.46912,6/21/05,2.3,ND,sunny,0,0,0,0,0,3,0,0,0,0,0,0,0,0,0,0
30,4,20,Greg,41.53753,-73.46903,6/21/05,43,ND,sunny,0,0,0,0,0,0,0,0,0,0,0,0,0,0,0,0
30,5,30,Greg,41.53759,-73.46893,6/21/05,6.2,ND,sunny,0,0,0,0,0,0,0,0,0,0,0,0,0,0,0,0
30,6,40,Greg,41.53762,-73.46883,6/21/05,7,ND,sunny,0,0,0,0,0,0,0,0,0,0,0,0,0,0,0,0
30,7,50,Greg,41.53769,-73.46872,6/21/05,7.6,ND,sunny,0,0,0,0,0,0,0,0,0,0,0,0,0,0,0,0
30,8,60,Greg,41.53771,-73.46861,6/21/05,8,ND,sunny,0,0,0,0,0,0,0,0,0,0,0,0,0,0,0,0
30,9,70,Greg,41.53775,-73.46848,6/21/05,8.5,ND,sunny,0,0,0,0,0,0,0,0,0,0,0,0,0,0,0,0
30,10,80,Greg,41.53775,-73.46836,6/21/05,8.6,ND,sunny,0,0,0,0,0,0,0,0,0,0,0,0,0,0,0,0
31,1,0,Robert,41.49851,-73.44557,6/21/05,0.7,Rock,sunny,0,0,0,0,0,0,0,0,0,0,0,0,0,0,0,0
31,2,5,Robert,41.49853,-73.44553,6/21/05,3.2,Rock,sunny,0,0,0,0,0,0,0,0,0,0,0,0,0,0,0,0
31,3,10,Robert,41.49854,-73.44546,6/21/05,0,ND,sunny,0,0,0,0,0,0,0,0,0,0,0,0,0,0,0,0
31,4,20,Robert,41.49855,-73.44533,6/21/05,0,ND,sunny,0,0,0,0,0,0,0,0,0,0,0,0,0,0,0,0
32,1,0,Roslyn,41.4989,-73.4531,6/21/05,0.1,Rock,sunny,0,0,0,0,0,0,0,0,0,0,0,0,0,0,0,0
32,2,5,Roslyn,41.49896,-73.45317,6/21/05,7,Sand,sunny,0,0,0,0,0,4,0,0,0,0,0,0,0,0,0,0
32,3,10,Roslyn,41.49895,-73.45326,6/21/05,10,Sand,sunny,0,0,0,0,0,4,0,0,0,0,0,0,0,0,0,0
32,4,20,Roslyn,41.499,-73.45333,6/21/05,12,Sand,sunny,0,0,0,0,0,0,0,0,0,0,0,0,0,0,0,0
32,5,30,Roslyn,41.49913,-73.45335,6/21/05,0,Sand,sunny,0,0,0,0,0,0,0,0,0,0,0,0,0,0,0,0
32,6,40,Roslyn,41.49918,-73.45348,6/21/05,0,Sand,sunny,0,0,0,0,0,0,0,0,0,0,0,0,0,0,0,0
33,1,0,Greg,41.53249,-73.46291,6/21/05,ND,ND,sunny,0,0,0,0,0,0,0,0,0,0,0,0,0,0,0,0
33,2,5,Greg,41.53247,-73.46297,6/21/05,1.1,ND,sunny,0,0,0,0,0,1,0,0,0,0,0,0,0,0,0,0
33,3,10,Greg,41.53244,-73.46299,6/21/05,1.4,ND,sunny,0,0,0,0,0,0,0,0,0,0,0,0,0,0,0,0
33,4,20,Greg,41.53239,-73.4631,6/21/05,1.7,ND,sunny,0,0,0,0,0,1,0,0,0,0,0,0,0,0,0,0
33,5,30,Greg,41.5323,-73.46313,6/21/05,0,ND,sunny,0,0,0,0,0,5,0,0,0,0,0,0,0,0,0,0
33,6,40,Greg,41.53225,-73.46326,6/21/05,3.6,ND,sunny,0,0,0,0,0,4,0,0,0,0,0,0,0,0,0,0
33,7,50,Greg,41.53214,-73.46323,6/21/05,44,ND,sunny,0,0,0,0,0,0,0,0,0,0,0,0,0,0,0,0
33,8,60,Greg,41.53205,-73.46333,6/21/05,5.3,ND,sunny,0,0,0,0,0,0,0,0,0,0,0,0,0,0,0,0
33,9,70,Greg,41.53197,-73.46335,6/21/05,8.2,ND,sunny,0,0,0,0,0,0,0,0,0,0,0,0,0,0,0,0
33,10,80,Greg,41.53191,-73.46344,6/21/05,8.8,ND,sunny,0,0,0,0,0,0,0,0,0,0,0,0,0,0,0,0
34,1,0,Roslyn,41.50578,-73.44482,6/22/05,0.2,Rock,Coudy,0,0,0,0,0,0,0,0,0,0,0,0,0,0,0,0
34,2,5,Roslyn,41.50571,-73.44474,6/22/05,8,Sand,Coudy,0,0,0,0,0,4,0,0,0,0,0,0,0,0,0,0
34,3,10,Roslyn,41.50572,-73.44467,6/22/05,11,Sand,Coudy,0,0,0,0,0,3,0,0,0,0,0,0,0,0,0,0
34,4,20,~=Roslyn,41.50576,-73.44455,6/22/05,0,ND,Coudy,0,0,0,0,0,0,0,0,0,0,0,0,0,0,0,0
34,5,30,~=Roslyn,41.50572,-73.4445,6/22/05,0,ND,Coudy,0,0,0,0,0,0,0,0,0,0,0,0,0,0,0,0
35,1,0,Greg,41.52966,-73.46416,6/21/05,ND,ND,sunny,0,0,0,0,0,0,0,0,0,0,0,0,0,0,0,0
35,2,5,Greg,41.52964,-73.46409,6/21/05,1.7,ND,sunny,0,0,0,0,0,0,0,0,0,0,0,0,0,0,0,0
35,3,10,Greg,41.5297,-73.46409,6/21/05,1.7,ND,sunny,0,0,0,0,0,2,0,0,0,0,0,0,0,0,0,0
35,4,20,Greg,41.52974,-73.46397,6/21/05,3,ND,sunny,0,0,0,0,0,0,0,0,0,0,0,0,0,0,0,0
35,5,30,Greg,41.52979,-73.46387,6/21/05,3.6,ND,sunny,0,0,0,0,0,4,0,0,0,0,0,0,0,0,0,0
35,6,40,Greg,41.52981,-73.46373,6/21/05,0,ND,sunny,0,0,0,0,0,5,0,0,0,0,0,0,0,0,0,0
35,7,50,Greg,41.52987,-73.46336,6/21/05,0,ND,sunny,0,0,0,0,0,0,0,0,0,0,0,0,0,0,0,0
35,8,60,Greg,41.53004,-73.46362,6/21/05,3.5,ND,sunny,0,0,0,0,0,0,0,0,0,0,0,0,0,0,0,0
35,9,70,Greg,41.53011,-73.46358,6/21/05,44,ND,sunny,0,0,0,0,0,0,0,0,0,0,0,0,0,0,0,0
35,10,80,Greg,41.53016,-73.46349,6/21/05,47,ND,sunny,0,0,0,0,0,0,0,0,0,0,0,0,0,0,0,0
36,1,0,Robert,41.504,-73.44563,6/22/05,0.3,Sand,sunny,0,0,0,0,0,0,0,0,0,0,0,0,0,0,0,0
36,2,5,Robert,41.50409,-73.44557,6/22/05,1.2,Sand,sunny,0,0,0,0,0,3,0,0,0,0,0,0,0,0,0,0
36,3,10,Robert,41.504,-73.44551,6/22/05,2,Sand,sunny,0,0,0,0,0,3,0,0,0,0,0,0,0,0,0,0
36,4,4,Robert,41.50391,-73.44541,6/22/05,4,ND,sunny,0,0,0,0,0,5,0,0,0,0,0,0,0,0,0,0
36,5,30,Robert,41.50379,-73.44531,6/22/05,0,ND,sunny,0,0,0,0,0,0,0,0,0,0,0,0,0,0,0,0
36,6,40,Robert,41.50379,-73.44524,6/22/05,0,ND,sunny,0,0,0,0,0,2,0,0,0,0,0,0,0,0,0,0
36,7,50,Robert,41.50379,-73.44507,6/22/05,0,ND,sunny,0,0,0,0,0,0,0,0,0,0,0,0,0,0,0,0
36,8,60,Robert,41.50367,-73.44501,6/22/05,0,ND,sunny,0,0,0,0,0,0,0,0,0,0,0,0,0,0,0,0
36,9,70,Robert,41.5036,-73.44492,6/22/05,0,ND,sunny,0,0,0,0,0,0,0,0,0,0,0,0,0,0,0,0
37,1,0,Roslyn,41.51369,-73.44428,6/22/05,0.5,Rock,Coudy,0,0,0,0,0,0,0,0,0,0,0,0,0,0,0,0
37,2,5,Roslyn,41.51366,-73.44426,6/22/05,12,Sand,Coudy,0,0,0,0,0,1,0,0,0,0,0,0,0,0,0,0
37,3,10,Roslyn,41.51361,-73.4441,6/22/05,0,ND,Coudy,0,0,0,0,0,0,0,0,0,0,0,0,0,0,0,0
38,1,0,Greg,41.52536,-73.45895,6/21/05,ND,ND,sunny,0,0,0,0,0,0,0,0,0,0,0,0,0,0,0,0
38,2,5,Greg,41.52538,-73.45889,6/21/05,0,ND,sunny,0,0,0,0,0,0,0,0,0,0,0,0,0,0,0,0
38,3,10,Greg,41.52544,-73.45886,6/21/05,0,ND,sunny,0,0,0,0,0,0,0,0,0,0,0,0,0,0,0,0
38,4,20,Greg,41.52545,-73.45872,6/21/05,5.6,ND,sunny,0,0,0,0,0,1,0,0,0,0,0,0,0,0,0,0
38,5,30,GregBugbee,41.52551,-73.4586,6/21/05,5.9,ND,sunny,0,0,0,0,0,0,0,0,0,0,0,0,0,0,0,0
38,6,40,Greg,41.52552,-73.45849,6/21/05,10.3,ND,sunny,0,0,0,0,0,0,0,0,0,0,0,0,0,0,0,0
39,1,0,Robert,41.5103,-73.44566,6/22/05,0.5,Rock,sunny,0,0,0,0,0,0,0,0,0,0,0,0,0,0,0,0
39,2,5,Robert,41.51026,-73.44549,6/22/05,1.7,Rock,sunny,0,0,0,0,0,0,0,0,0,0,0,0,0,0,0,0
39,3,10,Robert,41.51027,-73.44551,6/22/05,0,ND,sunny,0,0,0,0,0,0,0,0,0,0,0,0,0,0,0,0
39,4,20,Robert,41.51024,-73.44538,6/22/05,0,ND,sunny,0,0,0,0,0,0,0,0,0,0,0,0,0,0,0,0
40,1,0,~=Roslyn,41.52096,-73.44668,6/22/05,0.3,Rock,sunny,0,0,0,0,0,0,0,0,0,0,0,0,0,0,0,0
40,2,5,Roslyn,41.52095,-73.44664,6/22/05,8,Sand,sunny,0,0,0,0,0,0,0,0,0,0,0,0,0,0,0,0
40,3,10,Roslyn,41.52092,-73.4466,6/22/05,5,Gravel,sunny,0,0,0,0,0,0,0,0,0,0,0,0,0,0,0,0
40,4,20,#NAME?,41.52096,-73.44654,6/22/05,0,ND,sunny,0,0,0,0,0,0,0,0,0,0,0,0,0,0,0,0
40,5,30,~=‚Äî-,41.521,-73.44631,6/22/05,0,ND,sunny,0,0,0,0,0,0,0,0,0,0,0,0,0,0,0,0
40,6,40,#NAME?,41.52102,-73.44621,6/22/05,0,ND,sunny,0,0,0,0,0,0,0,0,0,0,0,0,0,0,0,0
40,7,50,~=Roslyn,41.5211,-73.44612,6/22/05,0,ND,sunny,0,0,0,0,0,0,0,0,0,0,0,0,0,0,0,0
40,8,60,Roslyn,41.52115,-73.44597,6/22/05,0,ND,sunny,0,0,0,0,0,0,0,0,0,0,0,0,0,0,0,0
40,9,70,~=Rostyn,41.52115,-73.44587,6/22/05,0,ND,sunny,0,0,0,0,0,0,0,0,0,0,0,0,0,0,0,0
41,1,0,Greg,41.52098,-73.45808,6/21/05,ND,ND,sunny,0,0,0,0,0,0,0,0,0,0,0,0,0,0,0,0
41,2,5,Greg,41.52094,-73.45802,6/21/05,0,ND,sunny,0,0,0,0,0,0,0,0,0,0,0,0,0,0,0,0
41,3,10,Greg,41.52092,-73.458,6/21/05,0,ND,sunny,0,0,0,0,0,3,0,0,0,0,0,0,0,0,0,0
41,4,20,Greg,41.52083,-73.45792,6/21/05,0,ND,sunny,0,0,0,0,0,0,0,0,0,0,0,0,0,0,0,0
41,5,30,GregBugbee,41.52072,-73.45803,6/21/05,1.8,ND,sunny,0,0,0,0,0,0,0,0,0,0,0,0,0,0,0,0
41,6,40,Greg,41.52062,-73.45808,6/21/05,2,ND,sunny,0,0,0,0,0,0,0,0,0,0,0,0,0,0,0,0
41,7,50,Greg,41.52051,-73.45818,6/21/05,2.3,ND,sunny,0,0,0,0,0,0,0,0,0,0,0,0,0,0,0,0
42,1,0,Robert,41.51769,-73.44582,6/22/05,0.5,Rock,sunny,0,0,0,0,0,0,0,0,0,0,0,0,0,0,0,0
42,2,5,Robert,41.51776,-73.4458,6/22/05,2.5,Sand,sunny,0,0,0,0,0,0,0,0,0,0,0,0,0,0,0,0
42,3,10,Robert,41.51778,-73.44572,6/22/05,3,ND,sunny,0,0,0,0,0,0,0,0,0,0,0,0,0,0,0,0
42,4,20,Robert,41.51776,-73.4456,6/22/05,0,ND,sunny,0,0,0,0,0,0,0,0,0,0,0,0,0,0,0,0
42,5,30,Robert,41.51782,-73.4455,6/22/05,0,ND,sunny,0,0,0,0,0,0,0,0,0,0,0,0,0,0,0,0
42,6,40,Robert,41.51779,-73.44534,6/22/05,0,ND,sunny,0,0,0,0,0,0,0,0,0,0,0,0,0,0,0,0
43,1,0,Roslyn,41.52607,-73.4429,6/22/05,0.3,Gravel,sunny,0,0,0,0,0,0,0,0,0,0,0,0,0,0,0,0
43,2,5,Roslyn,41.52604,-73.44296,6/22/05,1,Gravel,sunny,0,0,0,0,0,0,0,0,0,0,0,0,0,0,0,0
43,3,10,Roslyn,41.52605,-73.44299,6/22/05,2,Sand,sunny,0,0,0,0,0,0,0,0,0,0,0,0,0,0,0,0
43,4,20,Roslyn,41.52602,-73.44304,6/22/05,40,Sand,sunny,0,0,0,0,0,0,0,0,0,0,0,0,0,0,0,0
43,5,30,Roslyn,41.52596,-73.44314,6/22/05,12,Sand,sunny,0,0,0,0,0,0,0,0,0,0,0,0,0,0,0,0
43,6,40,Roslyn,41.52599,-73.44327,6/22/05,0,ND,sunny,0,0,0,0,0,0,0,0,0,0,0,0,0,0,0,0
43,7,50,Roslyn,41.52594,-73.4434,6/22/05,0,ND,sunny,0,0,0,0,0,0,0,0,0,0,0,0,0,0,0,0
44,1,0,Greg,41.52614,-73.46571,6/21/05,ND,ND,sunny,0,0,0,0,0,0,0,0,0,0,0,0,0,0,0,0
44,2,5,Greg,41.52608,-73.46559,6/21/05,0,ND,sunny,0,0,0,0,0,0,0,0,0,0,0,0,0,0,0,0
44,3,10,Greg,41.52604,-73.46553,6/21/05,0,ND,sunny,0,0,0,0,0,0,0,0,0,0,0,0,0,0,0,0
44,4,20,GregBugbee,41.52591,-73.46563,6/21/05,0,ND,sunny,0,0,0,0,0,0,0,0,0,0,0,0,0,0,0,0
44,5,30,GregBugbee,41.52586,-73.46558,6/21/05,0,ND,sunny,0,0,0,0,0,1,0,0,0,0,0,0,0,0,0,0
44,6,40,Greg,41.52586,-73.4655,6/21/05,0,ND,sunny,0,0,0,0,0,0,0,0,0,0,0,0,0,0,0,0
44,7,50,GregBugbee,41.52576,-73.46552,6/21/05,0,ND,sunny,0,0,0,0,0,1,0,0,0,0,0,0,0,0,0,0
44,8,60,Greg,41.52559,-73.46539,6/21/05,1.5,ND,sunny,0,0,0,0,0,0,0,0,0,0,0,0,0,0,0,0
44,9,70,Greg,41.52555,-73.46532,6/21/05,14,ND,sunny,0,0,0,0,0,0,0,0,0,0,0,0,0,0,0,0
44,10,80,Greg,41.52545,-73.4653,6/21/05,1.6,ND,sunny,0,0,0,0,0,0,0,0,0,0,0,0,0,0,0,0
45,1,0,Robert,41.52568,-73.44604,6/22/05,ND,Rock,sunny,0,0,0,0,0,0,0,0,0,0,0,0,0,0,0,0
45,2,5,Robert,41.52568,-73.44599,6/22/05,3,Rock,sunny,0,0,0,0,0,0,0,0,0,0,0,0,0,0,0,0
45,3,10,Robert,41.52573,-73.44594,6/22/05,0,ND,sunny,0,0,0,0,0,0,0,0,0,0,0,0,0,0,0,0
45,4,20,Robert,41.52572,-73.44583,6/22/05,0,ND,sunny,0,0,0,0,0,0,0,0,0,0,0,0,0,0,0,0
45,5,30,Robert,41.5257,-73.44566,6/22/05,0,ND,sunny,0,0,0,0,0,0,0,0,0,0,0,0,0,0,0,0
46,1,0,Roslyn,41.52288,-73.43807,6/22/05,1,Rock,sunny,0,0,0,0,0,0,0,0,0,0,0,0,0,0,0,0
46,2,5,Roslyn,41.52284,-73.43803,6/22/05,2.5,Rock,sunny,0,0,0,0,0,1,0,0,0,0,0,0,0,0,0,0
46,3,10,Roslyn,41.52276,-73.43806,6/22/05,7,Rock,sunny,0,0,0,0,0,3,0,0,0,0,0,0,0,0,0,0
46,4,20,Roslyn,41.52269,-73.43797,6/22/05,10,ND,sunny,0,0,0,0,0,2,0,0,0,0,0,0,0,0,0,0
46,5,30,Roslyn,41.5226,-73.438,6/22/05,0,ND,sunny,0,0,0,0,0,0,0,0,0,0,0,0,0,0,0,0
46,6,40,Roslyn,41.5225,-73.438,6/22/05,0,ND,sunny,0,0,0,0,0,0,0,0,0,0,0,0,0,0,0,0
46,7,50,Roslyn,41.52242,-73.43795,6/22/05,0,ND,sunny,0,0,0,0,0,0,0,0,0,0,0,0,0,0,0,0
46,8,60,Roslyn,41.52232,-73.43795,6/22/05,0,ND,sunny,0,0,0,0,0,3,0,0,0,0,0,0,0,0,0,0
46,9,70,Roslyn,41.52226,-73.43795,6/22/05,0,ND,sunny,0,0,0,0,0,0,0,0,0,0,0,0,0,0,0,0
46,10,80,Roslyn,41.52216,-73.43794,6/22/05,0,ND,sunny,0,0,0,0,0,0,0,0,0,0,0,0,0,0,0,0
47,1,0,Greg,41.51533,-73.46265,6/21/05,ND,ND,sunny,0,0,0,0,0,0,0,0,0,0,0,0,0,0,0,0
47,2,5,Greg,41.51534,-73.4626,6/21/05,0.2,ND,sunny,0,0,0,0,0,0,0,0,0,0,0,0,0,0,0,0
47,3,10,Greg,41.51538,-73.46259,6/21/05,15,ND,sunny,0,0,0,0,0,0,0,0,0,0,0,0,0,0,0,0
47,4,20,Greg,41.51531,-73.46241,6/21/05,3.3,ND,sunny,0,0,0,0,0,2,0,0,0,0,0,0,0,0,0,0
47,5,30,Greg,41.51543,-73.46234,6/21/05,5,ND,sunny,0,0,0,0,0,0,0,0,0,0,0,0,0,0,0,0
47,6,40,Greg,41.51549,-73.46221,6/21/05,5.7,ND,sunny,0,0,0,0,0,0,0,0,0,0,0,0,0,0,0,0
47,7,50,GregBugbee,41.51554,-73.46219,6/21/05,8.6,ND,sunny,0,0,0,0,0,0,0,0,0,0,0,0,0,0,0,0
48,1,0,Robert,41.52889,-73.43834,6/22/05,0.5,Gravel,sunny,0,0,0,0,0,0,0,0,0,0,0,0,0,0,0,0
48,2,0,Robert,41.52888,-73.43841,6/22/05,1.6,Gravel,sunny,0,0,0,0,0,0,0,0,0,0,0,0,0,0,0,0
48,3,10,Robert,41.52885,-73.43846,6/22/05,2,Gravel,sunny,0,0,0,0,0,0,0,0,0,0,0,0,0,0,0,0
48,4,20,Robert,41.52884,-73.43859,6/22/05,45,ND,sunny,0,0,0,0,0,4,0,0,0,0,0,0,0,0,0,0
48,5,30,Robert,41.52881,-73.4387,6/22/05,0,ND,sunny,0,0,0,0,0,0,0,0,0,0,0,0,0,0,0,0
48,6,40,Robert,41.52882,-73.43881,6/22/05,0,ND,sunny,0,0,0,0,0,0,0,0,0,0,0,0,0,0,0,0
48,7,50,Robert,41.52883,-73.43894,6/22/05,0,ND,sunny,0,0,0,0,0,0,0,0,0,0,0,0,0,0,0,0
48,8,60,Robert,41.52869,-73.43903,6/22/05,0,ND,sunny,0,0,0,0,0,0,0,0,0,0,0,0,0,0,0,0
48,9,70,Robert,41.52869,-73.43921,6/22/05,0,ND,sunny,0,0,0,0,0,0,0,0,0,0,0,0,0,0,0,0
49,1,0,Roslyn,41.50334,-73.43767,6/22/05,0.3,Rock,sunny,0,0,0,0,0,0,0,0,0,0,0,0,0,0,0,0
49,2,5,Roslyn,41.50332,-73.4377,6/22/05,1,Rock,sunny,0,0,0,0,0,0,0,0,0,0,0,0,0,0,0,0
49,3,10,Roslyn,41.50335,-73.43777,6/22/05,2,Sand,sunny,0,0,0,0,0,0,0,0,0,0,0,0,0,0,0,0
49,4,20,Roslyn,41.50334,-73.4379,6/22/05,7,Sand,sunny,0,0,0,0,0,4,0,0,0,0,0,0,0,0,0,0
49,5,30,Roslyn,41.50342,-73.43803,6/22/05,0,ND,sunny,0,0,0,0,0,0,0,0,0,0,0,0,0,0,0,0
49,6,40,Roslyn,41.50345,-73.43811,6/22/05,0,ND,sunny,0,0,0,0,0,0,0,0,0,0,0,0,0,0,0,0
49,7,50,Roslyn,41.50346,-73.43828,6/22/05,0,ND,sunny,0,0,0,0,0,0,0,0,0,0,0,0,0,0,0,0
50,1,0,Greg,41.50939,-73.46131,6/21/05,ND,ND,sunny,0,0,0,0,0,0,0,0,0,0,0,0,0,0,0,0
50,2,5,Greg,41.50939,-73.46125,6/21/05,3,ND,sunny,0,0,0,0,0,0,0,0,0,0,0,0,0,0,0,0
50,3,10,Greg,41.50943,-73.4612,6/21/05,5.7,ND,sunny,0,0,0,0,0,0,0,0,0,0,0,0,0,0,0,0
50,4,20,Greg,41.50953,-73.46115,6/21/05,7.8,ND,sunny,0,0,0,0,0,0,0,0,0,0,0,0,0,0,0,0
51,1,0,Robert,41.52549,-73.43662,6/22/05,0.7,Rock,sunny,0,0,0,0,0,0,0,0,0,0,0,0,0,0,0,0
51,2,5,Robert,41.52545,-73.43663,6/22/05,2.5,Rock,sunny,0,0,0,0,0,0,0,0,0,0,0,0,0,0,0,0
51,3,10,Robert,41.52552,-73.43675,6/22/05,0,ND,sunny,0,0,0,0,0,0,0,0,0,0,0,0,0,0,0,0
51,4,20,Robert,41.5255,-73.43688,6/22/05,0,ND,sunny,0,0,0,0,0,0,0,0,0,0,0,0,0,0,0,0
52,1,0,=,41.48041,-73.43463,6/23/05,0.3,Sand,sunny,0,0,0,0,0,0,0,2,0,2,0,0,0,0,0,0
52,2,5,Roslyn,41.48039,-73.43467,6/23/05,1,Sand,sunny,2,0,0,0,0,0,0,3,0,0,0,0,0,0,0,0
52,3,10,Roslyn,41.48033,-73.4347,6/23/05,2,Sand,sunny,0,0,0,0,0,0,0,0,2,0,0,0,0,0,0,0
52,4,20,~=Roslyn,41.48032,-73.43485,6/23/05,3,Sand,sunny,1,0,0,0,0,0,0,0,0,0,0,0,0,0,0,0
52,5,30,=,41.48027,-73.43496,6/23/05,4,Sand,sunny,0,0,0,2,0,0,0,2,0,0,0,0,0,0,0,0
52,6,40,Roslyn,41.48027,-73.43509,6/23/05,5,Sand,sunny,0,0,0,1,0,1,0,0,0,0,0,0,0,0,0,0
52,7,50,~=Roslyn,41.48025,-73.43518,6/23/05,5,Sand,sunny,0,0,0,1,0,1,0,0,0,0,0,0,0,0,0,0
52,8,60,Roslyn,41.48022,-73.43529,6/23/05,0,Sand,sunny,0,0,0,0,0,0,0,0,0,0,0,0,0,0,0,0
52,9,70,~=Roslyn,41.48018,-73.43541,6/23/05,4,Sand,sunny,0,0,0,0,0,0,0,0,0,0,0,0,0,0,0,0
52,10,80,Roslyn,41.48008,-73.43547,6/23/05,0,Sand,sunny,0,0,0,2,0,1,0,0,3,0,0,0,0,0,0,0
53,1,0,Greg,41.50499,-73.46056,6/21/05,ND,ND,sunny,0,0,0,0,0,0,0,0,0,0,0,0,0,0,0,0
53,2,5,Greg,41.50499,-73.46053,6/21/05,0,ND,sunny,0,0,0,0,0,0,0,0,0,0,0,0,0,0,0,0
53,3,10,Greg,41.50501,-73.46046,6/21/05,6.2,ND,sunny,0,0,0,0,0,0,0,0,0,0,0,0,0,0,0,0
53,4,20,Greg,41.50499,-73.46033,6/21/05,9.6,ND,sunny,0,0,0,0,0,0,0,0,0,0,0,0,0,0,0,0
54,1,0,Robert,41.51683,-73.43928,6/22/05,0.3,Gravel,sunny,0,0,0,0,0,0,0,0,0,0,0,0,0,0,0,0
54,2,5,Robert,41.51687,-73.43932,6/22/05,1,Gravel,sunny,0,0,0,0,0,0,0,0,0,0,0,0,0,0,0,0
54,3,10,Robert,41.51688,-73.4394,6/22/05,15,Sand,sunny,0,0,0,0,0,0,0,0,0,0,0,0,0,0,0,0
54,4,20,Robert,41.51696,-73.43947,6/22/05,3,Sand,sunny,0,0,0,0,0,2,0,0,0,0,0,0,0,0,0,0
54,5,30,Robert,41.51701,-73.43955,6/22/05,4,Sand,sunny,0,0,0,0,0,3,0,0,0,0,0,0,0,0,0,0
54,6,40,Robert,41.5171,-73.43962,6/22/05,0,ND,sunny,0,0,0,0,0,2,0,0,0,0,0,0,0,0,0,0
54,7,50,Robert,41.51716,-73.4397,6/22/05,0,ND,sunny,0,0,0,0,0,0,0,0,0,0,0,0,0,0,0,0
54,8,60,Robert,41.51726,-73.43976,6/22/05,0,ND,sunny,0,0,0,0,0,0,0,0,0,0,0,0,0,0,0,0
54,9,70,Robert,41.51729,-73.43986,6/22/05,0,ND,sunny,0,0,0,0,0,0,0,0,0,0,0,0,0,0,0,0
55,1,0,Roslyn,41.46671,-73.44218,6/23/05,0.3,Gravel,sunny,0,0,0,0,0,0,0,0,0,0,0,0,0,0,0,0
55,2,5,Roslyn,41.46675,-73.44216,6/23/05,1,Rock,sunny,0,0,0,0,0,0,0,0,0,0,0,0,0,0,0,0
55,3,10,Roslyn,41.4668,-73.44219,6/23/05,1.5,Rock,sunny,0,0,0,0,0,0,0,0,0,0,0,0,0,0,0,0
55,4,20,+,41.46689,-73.44217,6/23/05,6,Sand,sunny,0,0,0,0,0,5,0,0,0,0,0,0,0,0,0,0
55,5,30,=,41.46693,-73.44201,6/23/05,0,ND,sunny,0,0,0,0,0,0,0,0,0,0,0,0,0,0,0,0
56,1,0,Greg,41.50273,-73.46109,6/21/05,ND,ND,sunny,0,0,0,0,0,0,0,0,0,0,0,0,0,0,0,0
56,2,5,GregBugbee,41.5027,-73.46111,6/21/05,46,ND,sunny,0,0,0,0,0,1,0,0,0,0,0,0,0,0,0,0
56,3,10,Greg,41.50266,-73.46115,6/21/05,5.3,ND,sunny,0,0,0,0,0,0,0,0,0,0,0,0,0,0,0,0
57,1,0,Robert,41.51293,-73.44122,6/22/05,0.5,Sand,sunny,0,0,0,0,0,0,0,0,0,0,0,0,0,0,0,0
57,2,0,Robert,41.51287,-73.44121,6/22/05,0.7,Sand,sunny,0,0,0,0,0,0,0,0,0,0,2,0,0,0,0,0
57,3,10,Robert,41.51285,-73.44123,6/22/05,0.6,Sand,sunny,0,0,0,0,0,0,0,0,0,0,2,0,0,0,0,0
57,4,20,Robert,41.51274,-73.4412,6/22/05,1,Sand,sunny,0,0,0,0,0,0,0,0,0,0,0,0,0,0,0,0
57,5,30,Robert,41.51265,-73.44121,6/22/05,1,Gravel,sunny,0,0,0,0,0,0,0,0,0,0,0,0,0,0,0,0
57,6,40,Robert,41.51255,-73.4412,6/22/05,1,Gravel,sunny,0,0,0,0,0,0,0,0,0,0,0,0,0,0,0,0
57,7,50,Robert,41.51247,-73.44123,6/22/05,2,ND,sunny,0,0,0,0,0,4,0,0,0,0,0,0,0,0,0,0
57,8,60,Robert,41.51237,-73.44125,6/22/05,3,Sand,sunny,0,0,0,0,0,2,0,0,0,0,0,0,0,0,0,0
57,9,70,Robert,41.51231,-73.44125,6/22/05,3,Sand,sunny,0,0,0,0,0,4,0,0,0,0,0,0,0,0,0,0
57,10,80,Robert,41.51221,-73.44128,6/22/05,0,ND,sunny,0,0,0,0,0,4,0,0,0,0,0,0,0,0,0,0
58,1,0,Roslyn,41.4471,-73.42995,6/23/05,0.1,Sand,sunny,0,0,0,0,0,2,0,4,0,0,0,0,0,2,0,0
58,2,5,Roslyn,41.44712,-73.42989,6/23/05,0.5,Sand,sunny,0,0,0,0,0,2,0,4,0,0,2,0,0,0,0,0
58,3,10,Roslyn,41.44717,-73.42984,6/23/05,1.6,Sand,sunny,0,0,0,0,0,2,2,3,0,0,0,2,0,0,0,0
58,4,20,Roslyn,41.44717,-73.42972,6/23/05,2,Silt,sunny,0,0,0,0,0,2,0,1,0,0,0,0,0,0,0,0
58,5,30,~=Roslyn,41.44724,-73.4296,6/23/05,1,Silt,sunny,0,0,0,0,0,2,3,3,0,0,4,0,0,0,0,0
58,6,40,Roslyn,41.44725,-73.42951,6/23/05,1,Silt,sunny,0,0,0,0,0,3,0,0,0,0,3,0,0,0,0,0
58,7,42,Roslyn,41.44725,-73.42947,6/23/05,0,ND,sunny,0,0,0,0,0,0,0,0,0,0,0,0,0,0,0,0
59,1,0,Greg,41.5105,-73.47077,6/21/05,ND,ND,sunny,0,0,0,0,0,0,0,0,0,0,0,0,0,0,0,0
59,2,5,Greg,41.51047,-73.4707,6/21/05,44,ND,sunny,0,0,0,0,0,0,0,0,0,0,0,0,0,0,0,0
59,3,10,Greg,41.51051,-73.47064,6/21/05,6,ND,sunny,0,0,0,0,0,0,0,0,0,0,0,0,0,0,0,0
59,4,20,Greg,41.51038,-73.4706,6/21/05,5,ND,sunny,0,0,0,0,0,0,0,0,0,0,0,0,0,0,0,0
59,5,30,Greg,41.51033,-73.4705,6/21/05,5.1,ND,sunny,0,0,0,0,0,0,0,0,0,0,0,0,0,0,0,0
59,6,40,Greg,41.51028,-73.47038,6/21/05,5,ND,sunny,0,0,0,0,0,0,0,0,0,0,0,0,0,0,0,0
59,7,50,Greg,41.51021,-73.4703,6/21/05,5.8,ND,sunny,0,0,0,0,0,0,0,0,0,0,0,0,0,0,0,0
59,8,60,Greg,41.51016,-73.47024,6/21/05,5.8,ND,sunny,0,0,0,0,0,0,0,0,0,0,0,0,0,0,0,0
60,1,0,Robert,41.49496,-73.44162,6/23/05,0.4,Rock,sunny,0,0,0,0,0,0,0,0,0,0,0,0,0,0,0,0
60,2,5,Robert,41.49493,-73.44169,6/23/05,3,Sand,sunny,0,0,0,0,0,3,0,0,1,0,0,0,0,0,0,0
60,3,10,Robert,41.49491,-73.44172,6/23/05,3,Sand,sunny,0,0,0,0,0,3,0,0,0,0,0,0,0,0,0,0
60,4,20,Robert,41.49489,-73.44187,6/23/05,0,ND,sunny,0,0,0,0,0,0,0,0,0,0,0,0,0,0,0,0
60,5,30,Robert,41.49484,-73.44197,6/23/05,0,ND,sunny,0,0,0,0,0,0,0,0,0,0,0,0,0,0,0,0
60,6,40,Robert,41.49484,-73.44208,6/23/05,0,ND,sunny,0,0,0,0,0,0,0,0,0,0,0,0,0,0,0,0
60,7,50,Robert,41.49477,-73.44219,6/23/05,0,ND,sunny,0,0,0,0,0,0,0,0,0,0,0,0,0,0,0,0
61,1,0,Roslyn,41.45027,-73.43099,6/23/05,0.3,Rock,sunny,0,0,0,0,0,0,0,0,0,0,0,0,0,0,0,0
61,2,5,Roslyn,41.45022,-73.43102,6/23/05,3,Rock,sunny,0,0,0,0,0,0,0,0,0,0,0,0,0,0,0,0
61,3,10,Roslyn,41.45019,-73.43105,6/23/05,3,Sand,sunny,0,0,0,0,0,0,0,0,0,0,0,0,0,0,0,0
61,4,20,Roslyn,41.4502,-73.43121,6/23/05,10,Rock,sunny,0,0,0,0,0,0,0,0,0,0,0,0,0,0,0,0
61,5,30,~=Roslyn,41.45014,-73.43135,6/23/05,0,ND,sunny,0,0,0,0,0,0,0,0,0,0,0,0,0,0,0,0
61,6,40,Roslyn,41.44999,-73.43148,6/23/05,0,ND,sunny,0,0,0,0,0,0,0,0,0,0,0,0,0,0,0,0
62,1,0,Greg,41.57148,-73.4428,6/22/05,ND,ND,sunny,0,0,0,0,0,0,0,0,0,0,0,0,0,0,0,0
62,2,5,Greg,41.57151,-73.4429,6/22/05,0,ND,sunny,0,0,0,0,0,0,0,0,0,0,0,0,0,0,0,0
62,3,10,Greg,41.5715,-73.44295,6/22/05,0,ND,sunny,0,0,0,0,0,2,0,0,0,0,0,0,0,0,0,0
62,4,20,Greg,41.57147,-73.44311,6/22/05,0,ND,sunny,0,0,0,0,0,5,0,0,0,0,0,0,0,0,0,0
62,5,30,Greg,41.57145,-73.44318,6/22/05,0,ND,sunny,0,0,0,0,0,4,0,0,0,0,0,0,0,0,0,0
62,6,40,GregBugbee,41.57131,-73.44324,6/22/05,4.2,ND,sunny,0,0,0,0,0,0,0,0,0,0,0,0,0,0,0,0
62,7,50,Greg,41.57134,-73.44341,6/22/05,48,ND,sunny,0,0,0,0,0,0,0,0,0,0,0,0,0,0,0,0
62,8,60,Greg,41.57141,-73.44354,6/22/05,ND,ND,sunny,0,0,0,0,0,0,0,0,0,0,0,0,0,0,0,0
62,9,70,Greg,41.5714,-73.44365,6/22/05,7.3,ND,sunny,0,0,0,0,0,0,0,0,0,0,0,0,0,0,0,0
63,1,0,Robert,41.48686,-73.43414,6/23/05,0.3,Gravel,sunny,0,0,0,0,0,1,0,0,0,0,0,0,0,0,0,0
63,2,5,Robert,41.48685,-73.4342,6/23/05,0.5,Sand,sunny,0,0,0,0,0,0,0,0,0,0,0,0,0,0,0,0
63,3,10,Robert,41.48679,-73.43424,6/23/05,1.2,Sand,sunny,0,0,0,0,0,0,0,0,0,0,0,0,0,0,0,0
63,4,20,Robert,41.48673,-73.4343,6/23/05,1.8,Sand,sunny,0,0,0,0,0,0,0,0,0,0,0,0,0,0,0,0
63,5,30,Robert,41.48668,-73.43442,6/23/05,3,Sand,sunny,0,0,0,0,0,2,0,0,0,0,0,0,0,0,0,0
63,6,40,Robert,41.48669,-73.43456,6/23/05,3.5,Gravel,sunny,0,0,0,0,0,2,0,0,0,0,0,0,0,0,0,0
63,7,50,Robert,41.48663,-73.43466,6/23/05,3.8,Sand,sunny,0,0,0,0,0,5,0,0,0,0,0,0,0,0,0,0
63,8,60,Robert,41.48659,-73.4348,6/23/05,0,ND,sunny,0,0,0,0,0,3,0,0,0,0,0,0,0,0,0,0
63,9,70,Robert,41.48651,-73.43481,6/23/05,0,ND,sunny,0,0,0,0,0,0,0,0,0,0,0,0,0,0,0,0
63,10,80,Robert,41.4865,-73.43501,6/23/05,0,ND,sunny,0,0,0,0,0,0,0,0,0,0,0,0,0,0,0,0
64,1,0,Roslyn,41.45343,-73.43225,6/23/05,0.5,Rock,sunny,0,0,0,0,0,0,0,0,0,0,0,0,0,0,0,0
64,2,5,Roslyn,41.45339,-73.43226,6/23/05,5,Silt,sunny,0,0,0,0,0,0,0,0,0,0,0,0,0,0,0,0
64,3,10,Roslyn,41.45338,-73.43234,6/23/05,6,Silt,sunny,0,0,0,0,0,0,0,0,0,0,0,0,0,0,0,0
64,4,20,Roslyn,41.45333,-73.43244,6/23/05,0,ND,sunny,0,0,0,0,0,0,0,0,0,0,0,0,0,0,0,0
64,5,30,Roslyn,41.45328,-73.43259,6/23/05,0,ND,sunny,0,0,0,0,0,0,0,0,0,0,0,0,0,0,0,0
65,1,0,Greg,41.57495,-73.44508,6/22/05,ND,ND,sunny,0,0,0,0,0,0,0,0,0,0,0,0,0,0,0,0
65,2,5,Greg,41.57493,-73.44499,6/22/05,0.2,ND,sunny,0,0,0,0,0,0,0,0,0,0,0,0,0,0,0,0
65,3,10,Greg,41.57501,-73.44501,6/22/05,6,ND,sunny,0,0,0,0,0,0,0,0,0,0,0,0,0,0,0,0
65,4,20,Greg,41.57506,-73.4449,6/22/05,0,ND,sunny,0,0,0,0,0,2,0,0,0,0,0,0,0,0,0,0
65,5,30,Greg,41.57503,-73.44474,6/22/05,22,ND,sunny,0,0,0,0,0,0,0,0,0,0,0,0,0,0,0,0
66,1,0,Robert,41.47619,-73.43313,6/23/05,0.6,Gravel,sunny,0,0,0,0,0,2,0,0,0,0,0,0,0,0,0,0
66,2,5,Robert,41.47624,-73.43317,6/23/05,2,Sand,sunny,0,0,0,0,0,2,0,0,0,0,0,0,0,0,0,0
66,3,10,Robert,41.4763,-73.43317,6/23/05,2.5,Sand,sunny,0,0,0,0,0,2,0,0,0,0,0,0,0,0,0,0
66,4,20,Robert,41.47635,-73.43323,6/23/05,3,Sand,sunny,1,0,0,0,0,3,0,2,0,0,0,0,0,0,0,0
66,5,30,Robert,41.47647,-73.43322,6/23/05,3.1,ND,sunny,0,0,1,0,0,0,0,0,0,0,0,0,0,0,0,0
66,6,40,Robert,41.47653,-73.43335,6/23/05,3.2,Silt,sunny,0,0,0,0,0,0,0,0,0,0,0,0,0,0,0,0
66,7,50,Robert,41.4766,-73.43336,6/23/05,3.2,Silt,sunny,0,0,0,0,0,0,0,0,0,0,0,0,0,0,0,0
66,8,60,Robert,41.47671,-73.43338,6/23/05,3,Silt,sunny,0,0,0,0,0,0,0,0,0,0,0,0,0,0,0,0
66,9,70,Robert,41.47679,-73.43347,6/23/05,2.8,Silt,sunny,0,0,0,0,0,0,0,0,0,0,0,0,0,0,0,0
66,10,80,Robert,41.47684,-73.43355,6/23/05,3,Silt,sunny,0,0,0,0,0,0,0,0,0,0,0,0,0,0,0,0
67,1,0,Greg,41.54893,-73.4477,6/22/05,ND,ND,sunny,0,0,0,0,0,0,0,0,0,0,0,0,0,0,0,0
67,2,5,Greg,41.54892,-73.44762,6/22/05,3.3,ND,sunny,0,0,0,0,0,0,0,0,0,0,0,0,0,0,0,0
67,3,10,Greg,41.84892,-73.44756,6/22/05,3.3,ND,sunny,0,0,0,0,0,1,0,0,0,0,0,0,0,0,0,0
67,4,20,GregBugbee,41.54889,-73.44748,6/22/05,6,ND,sunny,0,0,0,0,0,0,0,0,0,0,0,0,0,0,0,0
67,5,30,Greg,41.54881,-73.4474,6/22/05,7.6,ND,sunny,0,0,0,0,0,0,0,0,0,0,0,0,0,0,0,0
68,1,0,Robert,41.48248,-73.44319,6/23/05,0.7,Gravel,sunny,0,0,0,0,0,0,0,0,0,0,0,0,0,0,0,0
68,2,5,Robert,41.48245,-73.44325,6/23/05,2,Gravel,sunny,0,0,0,0,0,0,0,0,0,0,0,0,0,0,0,0
68,3,10,Robert,41.48244,-73.44332,6/23/05,3,Gravel,sunny,0,0,0,0,0,2,0,0,0,0,0,0,0,0,0,0
68,4,20,Robert,41.48244,-73.44343,6/23/05,45,Sand,sunny,0,0,0,0,0,5,0,0,0,0,0,0,0,0,0,0
68,5,30,Robert,41.48242,-73.44354,6/23/05,ND,ND,sunny,0,0,0,0,0,0,0,0,0,0,0,0,0,0,0,0
68,6,40,Robert,41.4824,-73.44367,6/23/05,ND,ND,sunny,0,0,0,0,0,1,0,0,0,0,0,0,0,0,0,0
68,7,50,Robert,41.48245,-73.44379,6/23/05,ND,ND,sunny,0,0,0,0,0,0,0,0,0,0,0,0,0,0,0,0
69,1,0,Greg,41.55704,-73.44397,6/22/05,ND,ND,sunny,0,0,0,0,0,0,0,0,0,0,0,0,0,0,0,0
69,2,5,Greg,41.55704,-73.44382,6/22/05,ND,ND,sunny,0,0,0,0,0,0,0,0,0,0,0,0,0,0,0,0
69,3,10,Greg,41.55706,-73.44376,6/22/05,2.4,ND,sunny,0,0,0,0,0,3,0,0,0,0,0,0,0,0,0,0
69,4,20,GregBugbee,41.55697,-73.44369,6/22/05,5.2,ND,sunny,0,0,0,0,0,0,0,0,0,0,0,0,0,0,0,0
69,5,30,Greg,41.55695,-73.44354,6/22/05,7.6,ND,sunny,0,0,0,0,0,0,0,0,0,0,0,0,0,0,0,0
70,1,0,Robert,41.47236,-73.44311,6/23/05,0.5,Gravel,sunny,0,0,0,0,0,0,0,0,0,0,0,0,0,0,0,0
70,2,5,Robert,41.47234,-73.44315,6/23/05,0.7,Sand,sunny,0,0,0,0,0,0,0,0,0,0,0,0,0,0,0,0
70,3,10,Robert,41.47228,-73.44317,6/23/05,2,Sand,sunny,0,0,0,0,0,0,0,0,0,0,0,0,0,0,0,0
70,4,20,Robert,41.47225,-73.4433,6/23/05,45,ND,sunny,0,0,0,0,0,5,0,0,0,0,0,0,0,0,0,0
70,5,30,Robert,41.47221,-73.44342,6/23/05,ND,ND,sunny,0,0,0,0,0,0,0,0,0,0,0,0,0,0,0,0
70,6,40,Robert,41.47215,-73.44351,6/23/05,ND,ND,sunny,0,0,0,0,0,0,0,0,0,0,0,0,0,0,0,0
70,7,50,Robert,41.47208,-73.44362,6/23/05,ND,ND,sunny,0,0,0,0,0,0,0,0,0,0,0,0,0,0,0,0
71,1,0,Greg,41.54436,-73.44836,6/22/05,ND,ND,sunny,0,0,0,0,0,0,0,0,0,0,0,0,0,0,0,0
71,2,5,Greg,41.54432,-73.44827,6/22/05,1.5,ND,sunny,0,0,0,0,0,2,0,0,0,0,0,0,0,0,0,0
71,3,10,Greg,41.54432,-73.44819,6/22/05,2.2,ND,sunny,0,0,0,0,0,2,0,0,0,0,0,0,0,0,0,0
71,4,20,GregBugbee,41.54433,-73.4481,6/22/05,2.2,ND,sunny,0,0,0,0,0,4,0,0,0,0,0,0,0,0,0,0
71,5,30,Greg,41.54428,-73.44798,6/22/05,3.3,ND,sunny,0,0,0,0,0,1,0,0,0,0,0,0,0,0,0,0
71,6,40,Greg,41.54415,-73.44793,6/22/05,5.2,ND,sunny,0,0,0,0,0,0,0,0,0,0,0,0,0,0,0,0
71,7,50,Greg,41.54419,-73.44779,6/22/05,ND,ND,sunny,0,0,0,0,0,0,0,0,0,0,0,0,0,0,0,0
71,8,60,GregBugbee,41.54417,-73.44763,6/22/05,7.3,ND,sunny,0,0,0,0,0,0,0,0,0,0,0,0,0,0,0,0
72,1,0,Robert,41.46813,-73.43918,6/23/05,0.4,Gravel,sunny,0,0,0,0,0,0,0,0,0,0,0,0,0,0,0,0
72,2,5,Robert,41.4681,-73.43923,6/23/05,1.9,Gravel,sunny,0,0,0,0,0,0,0,0,0,0,0,0,0,0,0,0
72,3,10,Robert,41.46808,-73.4393,6/23/05,2.5,Gravel,sunny,0,0,0,0,0,0,0,0,0,0,0,0,0,0,0,0
72,4,20,Robert,41.46803,-73.43939,6/23/05,3.8,Silt,sunny,0,0,0,0,0,5,0,0,0,0,0,0,0,0,0,0
72,5,30,Robert,41.46799,-73.43952,6/23/05,5,ND,sunny,0,0,1,0,0,5,0,0,0,0,0,0,0,0,0,0
72,6,40,Robert,41.46791,-73.43959,6/23/05,ND,ND,sunny,0,0,0,0,0,5,0,0,0,0,0,0,0,0,0,0
72,7,50,Robert,41.46791,-73.43971,6/23/05,ND,ND,sunny,0,0,0,0,0,2,0,0,0,0,0,0,0,0,0,0
72,8,60,Robert,41.46785,-73.43982,6/23/05,ND,ND,sunny,0,0,0,0,0,0,0,0,0,0,0,0,0,0,0,0
72,9,70,Robert,41.46777,-73.43989,6/23/05,ND,ND,sunny,0,0,0,0,0,0,0,0,0,0,0,0,0,0,0,0
72,10,80,Robert,41.46771,-73.44001,6/23/05,ND,ND,sunny,0,0,0,0,0,0,0,0,0,0,0,0,0,0,0,0
73,1,0,GregBugbee,41.53418,-73.44777,6/22/05,ND,ND,sunny,0,0,0,0,0,0,0,0,0,0,0,0,0,0,0,0
73,2,5,GregBugbee,41.53416,-73.44773,6/22/05,3,ND,sunny,0,0,0,0,0,4,0,0,0,0,0,0,0,0,0,0
73,3,10,Greg,41.53413,-73.44768,6/22/05,3.6,ND,sunny,0,0,0,0,0,4,0,0,0,0,0,0,0,0,0,0
73,4,20,Greg,41.53412,-73.44753,6/22/05,8.8,ND,sunny,0,0,0,0,0,0,0,0,0,0,0,0,0,0,0,0
74,1,0,Robert,41.47021,-73.43525,6/23/05,0.5,Sand,sunny,0,0,0,0,0,0,0,0,0,0,0,0,0,0,0,0
74,2,5,Robert,41.47022,-73.43521,6/23/05,1.5,Sand,sunny,0,0,0,0,0,2,0,0,0,0,1,0,0,0,0,0
74,3,10,Robert,41.47023,-73.43515,6/23/05,3,Sand,sunny,0,0,0,0,0,1,0,3,0,0,0,0,0,0,0,0
74,4,20,Robert,41.47026,-73.43503,6/23/05,ND,ND,sunny,0,0,0,0,0,0,0,0,0,0,0,0,0,0,0,0
74,5,30,Robert,41.47024,-73.43491,6/23/05,ND,ND,sunny,0,0,0,0,0,0,0,0,0,0,0,0,0,0,0,0
74,6,40,Robert,41.4703,-73.43479,6/23/05,ND,ND,sunny,0,0,0,0,0,0,0,0,0,0,0,0,0,0,0,0
74,7,50,Robert,41.47034,-73.43468,6/23/05,ND,ND,sunny,0,0,0,0,0,0,0,0,0,0,0,0,0,0,0,0
74,8,60,Robert,41.47039,-73.43457,6/23/05,ND,ND,sunny,0,0,0,0,0,0,0,0,0,0,0,0,0,0,0,0
74,9,70,Robert,41.4705,-73.43454,6/23/05,ND,ND,sunny,0,0,0,0,0,0,0,0,0,0,0,0,0,0,0,0
74,10,80,Robert,41.47052,-73.4344,6/23/05,ND,ND,sunny,0,0,0,0,0,0,0,0,0,0,0,0,0,0,0,0
75,1,0,GregBugbee,41.5634,-73.44051,6/22/05,ND,ND,sunny,0,0,0,0,0,0,0,0,0,0,0,0,0,0,0,0
75,2,5,Greg,41.56344,-73.44054,6/22/05,2,ND,sunny,0,0,0,0,0,0,0,0,0,0,0,0,0,0,0,0
75,3,10,Greg,41.56345,-73.44062,6/22/05,3.9,ND,sunny,0,0,0,0,0,0,0,0,0,0,0,0,0,0,0,0
75,4,20,Greg,41.56343,-73.44077,6/22/05,5.5,ND,sunny,0,0,0,0,0,0,0,0,0,0,0,0,0,0,0,0
75,5,30,Greg,41.56338,-73.44086,6/22/05,5.8,ND,sunny,0,0,0,0,0,0,0,0,0,0,0,0,0,0,0,0
75,6,40,Greg,41.56336,-73.44101,6/22/05,7,ND,sunny,0,0,0,0,0,0,0,0,0,0,0,0,0,0,0,0
75,7,50,Greg,41.56326,-73.44112,6/22/05,7.3,ND,sunny,0,0,0,0,0,0,0,0,0,0,0,0,0,0,0,0
76,1,0,Robert,41.46901,-73.42842,6/23/05,0.5,Gravel,sunny,0,0,0,0,0,0,0,0,0,0,0,0,0,0,0,0
76,2,5,Robert,41.46897,-73.42846,6/23/05,2.6,Gravel,sunny,0,0,0,0,0,0,0,0,0,0,0,0,0,0,0,0
76,3,10,Robert,41.46895,-73.42849,6/23/05,2,Sand,sunny,0,0,0,0,0,2,0,0,0,0,0,0,0,0,0,0
76,4,20,Robert,41.46888,-73.42859,6/23/05,ND,ND,sunny,0,0,0,0,0,0,0,0,0,0,0,0,0,0,0,0
76,5,30,~=Robert,41.46882,-73.42865,6/23/05,ND,ND,sunny,0,0,0,0,0,0,0,0,0,0,0,0,0,0,0,0
76,6,40,Robert,41.46874,-73.42875,6/23/05,ND,ND,sunny,0,0,0,0,0,0,0,0,0,0,0,0,0,0,0,0
76,7,50,Robert,41.46865,-73.42879,6/23/05,ND,ND,sunny,0,0,0,0,0,0,0,0,0,0,0,0,0,0,0,0
76,8,60,Robert,41.46856,-73.42884,6/23/05,ND,ND,sunny,0,0,0,0,0,0,0,0,0,0,0,0,0,0,0,0
76,9,70,Robert,41.4685,-73.42892,6/23/05,ND,ND,sunny,0,0,0,0,0,0,0,0,0,0,0,0,0,0,0,0
77,1,0,GregBugbee,41.5513,-73.4397,6/22/05,ND,ND,sunny,0,0,0,0,0,0,0,0,0,0,0,0,0,0,0,0
77,2,5,Greg,41.55133,-73.43975,6/22/05,ND,ND,sunny,0,0,0,0,0,0,0,0,0,0,0,0,0,0,0,0
77,3,10,Greg,41.55128,-73.43982,6/22/05,3.8,ND,sunny,0,0,0,0,0,0,0,0,0,0,0,0,0,0,0,0
77,4,20,Greg,41.55136,-73.4399,6/22/05,5.5,ND,sunny,0,0,0,0,0,0,0,0,0,0,0,0,0,0,0,0
77,5,30,Greg,41.55141,-73.43003,6/22/05,7.6,ND,sunny,0,0,0,0,0,0,0,0,0,0,0,0,0,0,0,0
78,1,0,Robert,41.46325,-73.42521,6/23/05,0.5,Sand,sunny,0,0,0,0,0,0,0,3,0,0,0,0,0,0,0,0
78,2,5,Robert,41.46329,-73.42524,6/23/05,2,Sand,sunny,0,0,0,0,0,2,0,0,0,0,0,0,0,0,0,0
78,3,10,Robert,41.46335,-73.42524,6/23/05,3,Silt,sunny,0,0,0,0,0,0,0,0,0,0,0,0,0,0,0,0
78,4,20,Robert,41.46343,-73.42523,6/23/05,3,Silt,sunny,1,0,0,0,0,2,0,2,0,0,0,0,0,0,0,0
78,5,30,Robert,41.46354,-73.42531,6/23/05,3.2,Silt,sunny,0,0,0,0,0,0,0,0,0,0,0,0,0,0,0,0
78,6,40,Robert,41.46359,-73.42539,6/23/05,3.5,Silt,sunny,0,0,0,0,0,0,0,0,0,0,0,0,0,0,0,0
78,7,50,Robert,41.46367,-73.42543,6/23/05,3.5,Silt,sunny,0,0,0,0,0,0,0,0,0,0,0,0,0,0,0,0
78,8,60,Robert,41.46377,-73.42543,6/23/05,3.7,Silt,sunny,0,0,0,0,0,0,0,0,0,0,0,0,0,0,0,0
78,9,70,Robert,41.46386,-73.42544,6/23/05,3.7,Silt,sunny,0,0,0,0,0,0,0,0,0,0,0,0,0,0,0,0
78,10,80,Robert,41.46396,-73.42546,6/23/05,3.5,Silt,sunny,0,0,0,0,0,0,0,0,0,0,0,0,0,0,0,0
79,1,0,GregBugbee,41.54689,-73.44211,6/22/05,ND,ND,sunny,0,0,0,0,0,0,0,0,0,0,0,0,0,0,0,0
79,2,5,Greg,41.54696,-73.44215,6/22/05,2.4,ND,sunny,0,0,0,0,0,0,0,0,0,0,0,0,0,0,0,0
79,3,10,Greg,41.54697,-73.44221,6/22/05,2.4,ND,sunny,0,0,0,0,0,0,0,0,0,0,0,0,0,0,0,0
79,4,20,Greg,41.54704,-73.44231,6/22/05,3,ND,sunny,0,0,0,0,0,0,0,0,0,0,0,0,0,0,0,0
79,5,30,Greg,41.54702,-73.44248,6/22/05,7,ND,sunny,0,0,0,0,0,0,0,0,0,0,0,0,0,0,0,0
80,1,0,Robert,41.45656,-73.44449,6/23/05,1,Rock,sunny,0,0,0,0,0,0,0,0,0,0,0,0,0,0,0,0
80,2,5,Robert,41.45656,-73.44456,6/23/05,3.5,Sand,sunny,0,0,0,0,0,0,0,0,0,0,0,0,0,0,0,0
80,3,10,Robert,41.45659,-73.44462,6/23/05,ND,ND,sunny,0,0,0,0,0,0,0,0,0,0,0,0,0,0,0,0
80,4,20,Robert,41.4566,-73.44476,6/23/05,ND,ND,sunny,0,0,0,0,0,0,0,0,0,0,0,0,0,0,0,0
81,1,0,Greg,41.53717,-73.44186,6/22/05,ND,ND,sunny,0,0,0,0,0,0,0,0,0,0,0,0,0,0,0,0
81,2,5,Greg,41.53712,-73.44195,6/22/05,ND,ND,sunny,0,0,0,0,0,0,0,0,0,0,0,0,0,0,0,0
81,3,10,Greg,41.53708,-73.44194,6/22/05,3.3,ND,sunny,0,0,0,0,0,0,0,0,0,0,0,0,0,0,0,0
81,4,20,Greg,41.53704,-73.44209,6/22/05,7.6,ND,sunny,0,0,0,0,0,0,0,0,0,0,0,0,0,0,0,0
82,1,0,Robert,41.4478,-73.44714,6/23/05,0.5,Sand,sunny,0,0,0,0,0,0,0,0,0,0,0,0,0,0,0,0
82,2,5,Robert,41.44781,-73.44721,6/23/05,1.5,Sand,sunny,0,0,0,0,0,0,0,0,0,0,0,0,0,0,0,0
82,3,10,Robert,41.44781,-73.44725,6/23/05,2.6,Gravel,sunny,0,0,0,0,0,0,0,0,0,0,0,0,0,0,0,0
82,4,20,Robert,41.44784,-73.44737,6/23/05,ND,ND,sunny,0,0,0,0,0,0,0,0,0,0,0,0,0,0,0,0
82,5,30,Robert,41.44783,-73.44751,6/23/05,ND,ND,sunny,0,0,0,0,0,0,0,0,0,0,0,0,0,0,0,0
82,6,40,Robert,41.44783,-73.44761,6/23/05,ND,ND,sunny,0,0,0,0,0,0,0,0,0,0,0,0,0,0,0,0
82,7,50,Robert,41.44784,-73.44774,6/23/05,ND,ND,sunny,0,0,0,0,0,0,0,0,0,0,0,0,0,0,0,0
83,1,O0,GregBugbee,41.52774,-73.43702,6/22/05,ND,ND,sunny,0,0,0,0,0,0,0,0,0,0,0,0,0,0,0,0
83,2,5,GregBugbee,41.52771,-73.43707,6/22/05,ND,ND,sunny,0,0,0,0,0,0,0,0,0,0,0,0,0,0,0,0
83,3,10,Greg,41.52768,-73.4371,6/22/05,2.4,ND,sunny,0,0,0,0,0,0,0,0,0,0,0,0,0,0,0,0
83,4,20,Greg,41.52756,-73.43705,6/22/05,6.1,ND,sunny,0,0,0,0,0,0,0,0,0,0,0,0,0,0,0,0
83,5,30,Greg,41.52747,-73.43715,6/22/05,7.3,ND,sunny,0,0,0,0,0,0,0,0,0,0,0,0,0,0,0,0
84,1,0,Robert,41.43639,-73.45434,6/23/05,0.3,Gravel,sunny,0,0,0,0,0,0,0,0,0,0,0,0,0,0,0,0
84,2,5,Robert,41.43636,-73.45441,6/23/05,0.7,Gravel,sunny,0,0,0,0,0,0,0,0,0,0,0,0,0,0,0,0
84,3,10,Robert,41.43632,-73.45448,6/23/05,1.5,Sand,sunny,0,0,0,0,0,0,0,0,0,0,0,0,0,0,0,0
84,4,20,Robert,41.43632,-73.45454,6/23/05,2.2,Sand,sunny,0,0,0,0,0,0,0,0,0,0,0,0,0,0,0,0
84,5,30,Robert,41.4363,-73.4547,6/23/05,ND,ND,sunny,0,0,0,0,0,0,0,0,0,0,0,0,0,0,0,0
84,6,40,Robert,41.43631,-73.45484,6/23/05,ND,ND,sunny,0,0,0,0,0,0,0,0,0,0,0,0,0,0,0,0
84,7,50,Robert,41.43633,-73.45495,6/23/05,ND,ND,sunny,0,0,0,0,0,0,0,0,0,0,0,0,0,0,0,0
85,1,0,Greg,41.51895,-73.43571,6/22/05,ND,ND,sunny,0,0,0,0,0,0,0,0,0,0,0,0,0,0,0,0
85,2,5,Greg,41.51898,-73.43576,6/22/05,0.9,ND,sunny,0,0,0,0,0,0,0,0,0,0,0,0,0,0,0,0
85,3,10,Greg,41.51902,-73.43578,6/22/05,1.2,ND,sunny,0,0,0,0,0,2,0,0,0,0,0,0,0,0,0,0
85,4,20,Greg,41.51911,-73.43581,6/22/05,12,ND,sunny,0,0,0,0,0,2,0,0,0,0,0,0,0,0,0,0
85,5,30,Greg,41.51919,-73.43588,6/22/05,3.6,ND,sunny,0,0,0,0,0,0,0,0,0,0,0,0,0,0,0,0
85,6,40,Greg,41.51933,-73.4359,6/22/05,42,ND,sunny,0,0,0,0,0,0,0,0,0,0,0,0,0,0,0,0
85,7,50,Greg,41.51939,-73.43593,6/22/05,6.1,ND,sunny,0,0,0,0,0,0,0,0,0,0,0,0,0,0,0,0
85,8,60,Greg,41.51946,-73.43597,6/22/05,6.7,ND,sunny,0,0,0,0,0,0,0,0,0,0,0,0,0,0,0,0
85,9,70,Greg,41.51953,-73.4361,6/22/05,76,ND,sunny,0,0,0,0,0,0,0,0,0,0,0,0,0,0,0,0
86,1,0,Robert,41.42667,-73.44934,6/23/05,1,Rock,sunny,0,0,0,0,0,0,0,0,0,0,0,0,0,0,0,0
86,2,5,Robert,41.4267,-73.4494,6/23/05,3,Rock,sunny,0,0,0,0,0,0,0,0,0,0,0,0,0,0,0,0
86,3,0,Robert,41.42669,-73.44947,6/23/05,5,ND,sunny,0,0,0,0,0,5,0,0,0,0,0,0,0,0,0,0
86,4,20,Robert,41.42673,-73.44959,6/23/05,ND,ND,sunny,0,0,5,0,4,4,0,0,0,0,0,0,0,0,0,0
86,5,30,Robert,41.42678,-73.4497,6/23/05,ND,ND,sunny,0,0,0,0,5,3,0,0,0,0,0,0,0,0,0,0
86,6,40,Robert,41.42679,-73.44982,6/23/05,ND,ND,sunny,0,0,0,0,4,0,0,0,0,0,0,0,0,0,0,0
86,7,50,Robert,41.42683,-73.44991,6/23/05,ND,ND,sunny,0,0,0,0,5,2,0,0,0,0,0,0,0,0,0,0
86,8,60,Robert,41.42685,-73.45004,6/23/05,ND,ND,sunny,0,0,0,0,4,3,0,0,0,0,0,0,0,0,0,0
86,9,70,Robert,41.4268,-73.45017,6/23/05,ND,ND,sunny,2,0,0,0,5,3,0,0,0,0,0,0,0,0,0,0
86,10,80,Robert,41.4269,-73.45027,6/23/05,ND,ND,sunny,0,0,0,0,4,3,0,0,0,0,0,0,0,0,0,0
87,1,0,Greg,41.49632,-73.46357,6/23/05,ND,ND,sunny,0,0,0,0,0,0,0,0,0,0,0,0,0,0,0,0
87,2,5,Greg,41.49627,-73.46352,6/23/05,0.9,ND,sunny,0,0,0,0,0,0,0,1,0,0,1,0,0,0,0,0
87,3,10,Greg,41.49624,-73.46349,6/23/05,1.2,ND,sunny,0,0,0,0,0,0,0,2,0,0,2,0,0,0,0,0
87,4,20,GregBugbee,41.49617,-73.46339,6/23/05,1.2,ND,sunny,0,0,0,0,0,0,0,0,0,0,1,0,0,0,0,1
87,5,30,GregBugbee,41.49608,-73.46332,6/23/05,2.4,ND,sunny,0,0,0,0,0,2,0,0,0,0,0,0,0,0,0,0
87,6,40,Greg,41.49601,-73.4633,6/23/05,ND,ND,sunny,0,0,0,0,0,3,0,0,0,0,0,0,0,0,0,0
87,7,50,Greg,41.49599,-73.46313,6/23/05,ND,ND,sunny,0,0,0,0,0,3,0,0,0,0,0,0,0,0,0,0
87,8,60,Greg,41.49589,-73.46311,6/23/05,3.6,ND,sunny,0,0,0,0,0,3,0,0,0,0,0,0,0,0,0,0
87,9,70,GregBugbee,41.4958,-73.46305,6/23/05,45,ND,sunny,0,0,0,0,0,0,0,0,0,0,0,0,0,0,0,0
87,10,80,GregBugbee,41.49574,-73.46297,6/23/05,55,ND,sunny,0,0,0,0,0,0,0,0,0,0,0,0,0,0,0,0
88,1,0,Greg,41.49622,-73.46035,6/23/05,ND,ND,sunny,0,0,0,0,0,0,0,0,0,0,0,0,0,0,0,0
88,2,5,Greg,41.49623,-73.46031,6/23/05,0.6,ND,sunny,0,0,0,0,0,0,0,0,0,0,0,0,0,0,0,0
88,3,10,Greg,41.49625,-73.46024,6/23/05,0.9,ND,sunny,0,0,0,0,0,0,0,0,0,0,0,0,0,0,0,0
88,4,20,Greg,41.49631,-73.46012,6/23/05,1.2,ND,sunny,0,0,0,0,0,2,0,0,0,0,0,0,0,0,0,0
88,5,30,GregBugbee,41.48629,-73.45998,6/23/05,1.5,ND,sunny,0,0,2,0,0,2,0,0,0,0,0,0,0,0,0,0
88,6,40,Greg,41.48634,-73.45992,6/23/05,1.5,ND,sunny,0,0,2,0,0,2,0,0,0,0,0,0,0,0,0,0
88,7,50,GregBugbee,41.48634,-73.45979,6/23/05,1.8,ND,sunny,0,0,0,0,0,3,0,0,0,0,0,0,0,0,0,0
88,8,60,Greg,41.48626,-73.45964,6/23/05,ND,ND,sunny,0,0,0,0,0,4,0,0,0,0,0,0,0,0,0,0
88,9,70,Greg,41.48625,-73.4595,6/23/05,ND,ND,sunny,0,0,0,0,0,3,0,0,0,0,0,0,0,0,0,0
88,10,80,Greg,41.48625,-73.45938,6/23/05,ND,ND,sunny,0,0,0,0,0,0,0,0,0,0,0,0,0,0,0,0
89,1,0,Greg,41.49107,-73.45407,6/23/05,ND,ND,sunny,0,0,0,0,0,0,0,0,0,0,0,0,0,0,0,0
89,2,5,Greg,41.49107,-73.45399,6/23/05,ND,ND,sunny,0,0,0,0,0,1,0,0,0,0,0,0,0,0,0,0
89,3,10,Greg,41.4911,-73.45394,6/23/05,ND,ND,sunny,0,0,0,0,0,2,0,0,0,0,0,0,0,0,0,0
89,4,20,Greg,41.49119,-73.45389,6/23/05,6.1,ND,sunny,0,0,0,0,0,0,0,0,0,0,0,0,0,0,0,0
89,5,30,GregBugbee,41.49122,-73.45377,6/23/05,7,ND,sunny,0,0,0,0,0,0,0,0,0,0,0,0,0,0,0,0
89,6,40,Greg,41.49122,-73.45367,6/23/05,6.7,ND,sunny,0,0,0,0,0,0,0,0,0,0,0,0,0,0,0,0
89,7,50,GregBugbee,41.49123,-73.45351,6/23/05,6.7,ND,sunny,0,0,0,0,0,0,0,0,0,0,0,0,0,0,0,0
90,1,0,Greg,41.48119,-73.453,6/23/05,0.2,ND,sunny,0,0,0,0,0,0,0,0,0,0,0,0,0,0,0,0
90,2,5,Greg,41.4812,-73.453,6/23/05,9.1,ND,sunny,0,0,0,0,0,0,0,0,0,0,0,0,0,0,0,0
90,3,10,Greg,41.4122,-73.45287,6/23/05,11.2,ND,sunny,0,0,0,0,0,0,0,0,0,0,0,0,0,0,0,0
91,1,0,Greg,41.47175,-73.45037,6/23/05,ND,ND,sunny,0,0,0,0,0,0,0,0,0,0,0,0,0,0,0,0
91,2,5,Greg,41.47173,-73.45033,6/23/05,3,ND,sunny,0,0,0,0,0,0,0,0,0,0,0,0,0,0,0,0
91,3,10,Greg,41.47169,-73.45027,6/23/05,3,ND,sunny,0,0,0,0,0,0,0,0,0,0,0,0,0,0,0,0
91,4,20,Greg,41.47179,-73.45016,6/23/05,55,ND,sunny,0,0,0,0,0,0,0,0,0,0,0,0,0,0,0,0
92,1,0,Greg,41.47208,-73.44672,6/23/05,ND,ND,sunny,0,0,0,0,0,0,0,0,0,0,0,0,0,0,0,0
92,2,5,Greg,41.4721,-73.44679,6/23/05,ND,ND,sunny,0,0,0,0,0,0,0,0,0,0,0,0,0,0,0,0
92,3,10,Greg,41.47201,-73.44683,6/23/05,ND,ND,sunny,0,0,0,0,0,0,0,0,0,0,0,0,0,0,0,0
92,4,20,Greg,41.47198,-73.44695,6/23/05,ND,ND,sunny,0,0,0,0,0,0,0,0,0,0,0,0,0,0,0,0
92,5,30,GregBugbee,41.47197,-73.44708,6/23/05,ND,ND,sunny,0,0,0,0,0,0,0,0,0,0,0,0,0,0,0,0
92,6,40,Greg,41.47194,-73.44719,6/23/05,3.6,ND,sunny,0,0,0,0,0,0,0,0,0,0,0,0,0,0,0,0
92,7,50,GregBugbee,41.47197,-73.44731,6/23/05,ND,ND,sunny,0,0,0,0,0,0,0,0,0,0,0,0,0,0,0,0
92,8,60,Greg,41.47194,-73.44746,6/23/05,5.2,ND,sunny,0,0,0,0,0,0,0,0,0,0,0,0,0,0,0,0
92,9,70,Greg,41.47193,-73.44759,6/23/05,6.7,ND,sunny,0,0,0,0,0,0,0,0,0,0,0,0,0,0,0,0
92,10,80,Greg,41.47195,-73.44771,6/23/05,ND,ND,sunny,0,0,0,0,0,0,0,0,0,0,0,0,0,0,0,0
93,1,0,Greg,41.46211,-73.44546,6/23/05,ND,ND,sunny,0,0,0,0,0,0,0,0,0,0,0,0,0,0,0,0
93,2,5,Greg,41.4621,-73.44539,6/23/05,1.5,ND,sunny,0,0,0,0,0,0,0,0,0,0,0,0,0,0,0,0
93,3,10,Greg,41.46206,-73.44534,6/23/05,21,ND,sunny,0,0,0,0,0,2,0,0,0,0,0,0,0,0,0,0
93,4,20,GregBugbee,41.46194,-73.44527,6/23/05,27,ND,sunny,0,0,0,0,0,2,0,0,0,0,0,0,0,0,0,0
93,5,30,GregBugbee,41.46193,-73.44518,6/23/05,48,ND,sunny,0,0,0,0,0,0,0,0,0,0,0,0,0,0,0,0
93,6,40,Greg,41.46184,-73.44508,6/23/05,6.1,ND,sunny,0,0,0,0,0,0,0,0,0,0,0,0,0,0,0,0
93,7,50,Greg,41.46183,-73.44493,6/23/05,7.9,ND,sunny,0,0,0,0,0,0,0,0,0,0,0,0,0,0,0,0
94,1,0,Greg,41.46383,-73.4472,6/23/05,ND,ND,sunny,0,0,0,0,0,0,0,0,0,0,0,0,0,0,0,0
94,2,5,Greg,41.46385,-73.44727,6/23/05,1.5,ND,sunny,0,0,0,0,0,0,0,0,0,0,0,0,0,0,0,0
94,3,10,Greg,41.46384,-73.44734,6/23/05,1.8,ND,sunny,0,0,0,0,0,2,0,0,0,0,0,0,0,0,0,0
94,4,20,Greg,41.46389,-73.44745,6/23/05,3.6,ND,sunny,0,0,0,0,0,3,0,0,0,0,0,0,0,0,0,0
94,5,30,GregBugbee,41.46386,-73.44759,6/23/05,ND,ND,sunny,0,0,0,0,0,2,0,0,0,0,0,0,0,0,0,0
94,6,40,Greg,41.46397,-73.44742,6/23/05,45,ND,sunny,0,0,0,0,0,2,0,0,0,0,0,0,0,0,0,0
94,7,50,GregBugbee,41.46391,-73.44793,6/23/05,2.4,ND,sunny,0,0,0,0,0,0,0,0,0,0,0,0,0,0,0,0
94,8,60,Greg,41.46394,-73.44808,6/23/05,7.6,ND,sunny,0,0,0,0,0,0,0,0,0,0,0,0,0,0,0,0
95,1,0,Greg,41.47107,-73.45113,6/23/05,0.2,ND,sunny,0,0,0,0,0,0,0,0,0,0,0,0,0,0,0,0
95,2,5,Greg,41.47105,-73.45118,6/23/05,1.5,NO,sunny,0,0,0,0,0,1,0,0,0,0,0,0,0,0,0,0
95,3,10,Greg,41.47105,-73.45124,6/23/05,1.8,ND,sunny,0,0,0,0,0,0,0,0,0,0,0,0,0,0,0,0
95,4,20,Greg,41.47104,-73.45136,6/23/05,2.1,ND,sunny,0,0,0,0,0,3,0,0,0,0,0,0,0,0,0,0
95,5,30,Greg,41.471,-73.45147,6/23/05,2.4,ND,sunny,0,0,0,0,0,2,0,0,0,0,0,0,0,0,0,0
95,6,40,Greg,41.47095,-73.45161,6/23/05,3.3,ND,sunny,0,0,0,0,0,1,0,0,0,0,0,0,0,0,0,0
95,7,50,Greg,41.471,-73.45176,6/23/05,5.8,ND,sunny,0,0,0,0,0,0,0,0,0,0,0,0,0,0,0,0
95,8,60,Greg,41.471,-73.45185,6/23/05,7.6,NOD,sunny,0,0,0,0,0,0,0,0,0,0,0,0,0,0,0,0
96,1,0,Greg,41.48422,-73.45879,6/23/05,ND,ND,sunny,0,0,0,0,0,0,0,0,0,0,0,0,0,0,0,0
96,2,5,Greg,41.4842,-73.45882,6/23/05,1.5,ND,sunny,0,0,0,0,0,2,0,0,0,0,0,0,0,0,0,0
96,3,10,Greg,41.48416,-73.45884,6/23/05,1.8,ND,sunny,0,0,0,0,0,1,0,0,0,0,0,0,0,0,0,0
96,4,20,Greg,41.48407,-73.45882,6/23/05,3.3,ND,sunny,0,0,0,0,0,0,0,0,0,0,0,0,0,0,0,0
96,5,30,Greg,41.48397,-73.45884,6/23/05,3.6,NO,sunny,0,0,0,0,0,0,0,0,0,0,0,0,0,0,0,0
96,6,40,Greg,41.48389,-73.45885,6/23/05,4.2,ND,sunny,0,0,0,0,0,0,0,0,0,0,0,0,0,0,0,0
96,7,50,Greg,41.48378,-73.45884,6/23/05,48,ND,sunny,0,0,0,0,0,0,0,0,0,0,0,0,0,0,0,0
96,8,60,Greg,41.48369,-73.45885,6/23/05,¬ß.2,ND,sunny,0,0,0,0,0,0,0,0,0,0,0,0,0,0,0,0
96,9,70,Greg,41.48359,-73.45886,6/23/05,5.8,ND,sunny,0,0,0,0,0,0,0,0,0,0,0,0,0,0,0,0
96,10,80,Greg,41.48351,-73.45885,6/23/05,7.3,ND,sunny,0,0,0,0,0,0,0,0,0,0,0,0,0,0,0,0
97,1,O,Greg,41.47427,-73.46029,6/23/05,0.2,ND,sunny,0,0,0,0,0,0,0,0,0,0,0,0,0,0,0,0
97,2,5,Greg,41.47426,-73.46024,6/23/05,3.9,ND,sunny,0,0,0,0,0,0,0,0,0,0,0,0,0,0,0,0
97,3,10,Greg,41.4743,-73.46018,6/23/05,6.4,ND,sunny,0,0,0,0,0,0,0,0,0,0,0,0,0,0,0,0
98,1,0,Greg,41.46855,-73.4587,6/23/05,ND,ND,sunny,0,0,0,0,0,0,0,0,0,0,0,0,0,0,0,0
98,2,5,Greg,41.4686,-73.45869,6/23/05,1.2,ND,sunny,0,0,0,0,0,0,0,0,0,0,0,0,0,0,0,0
98,3,10,Greg,41.46864,-73.45872,6/23/05,1.8,ND,sunny,0,0,0,0,0,1,0,0,0,0,0,0,0,0,0,0
98,4,20,Greg,41.46874,-73.45869,6/23/05,3,NO,sunny,0,0,0,0,0,0,0,0,0,0,0,0,0,0,0,0
98,5,30,Greg,41.46881,-73.45866,6/23/05,4.5,ND,sunny,0,0,0,0,0,0,0,0,0,0,0,0,0,0,0,0
98,6,40,Greg,41.4689,-73.45864,6/23/05,4.8,NO,sunny,0,0,0,0,0,0,0,0,0,0,0,0,0,0,0,0
98,7,50,Greg,41.46898,-73.45863,6/23/05,5.8,ND,sunny,0,0,0,0,0,0,0,0,0,0,0,0,0,0,0,0
98,8,60,Greg,41.46904,-73.45847,6/23/05,5.5,ND,sunny,0,0,0,0,0,0,0,0,0,0,0,0,0,0,0,0
98,9,70,Greg,41.46913,-73.4584,6/23/05,5.5,ND,sunny,0,0,0,0,0,0,0,0,0,0,0,0,0,0,0,0
98,10,80,Greg,41.46923,-73.45842,6/23/05,5.8,ND,sunny,0,0,0,0,0,0,0,0,0,0,0,0,0,0,0,0
99,1,O,Greg,41.46436,-73.46048,6/23/05,ND,ND,sunny,0,0,0,0,0,0,0,0,0,0,0,0,0,0,0,0
99,2,5,Greg,41.46441,-73.46051,6/23/05,1.2,ND,sunny,0,0,0,0,0,0,0,0,0,0,0,0,0,0,0,0
99,3,10,Greg,41.46444,-73.4605,6/23/05,27,ND,sunny,0,0,0,0,0,0,0,0,0,0,0,0,0,0,0,0
99,4,20,Greg,41.46447,-73.46064,6/23/05,7.6,ND,sunny,0,0,0,0,0,0,0,0,0,0,0,0,0,0,0,0
100,1,0,Greg,41.46597,-73.4554,6/23/05,ND,ND,sunny,0,0,0,0,0,0,0,0,0,0,0,0,0,0,0,0
100,2,5,Greg,41.46594,-73.45537,6/23/05,ND,ND,sunny,0,0,0,0,1,0,0,0,0,0,0,0,0,0,0,0
100,3,10,Greg,41.46589,-73.45541,6/23/05,2.4,ND,sunny,0,0,0,0,0,2,0,0,0,0,0,0,0,0,0,0
100,4,20,Greg,41.46582,-73.45554,6/23/05,3.3,ND,sunny,0,0,0,0,0,0,0,0,0,0,0,0,0,0,0,0
100,5,30,Greg,41.46571,-73.45542,6/23/05,4.5,ND,sunny,0,0,0,0,0,3,0,0,0,0,0,0,0,0,0,0
100,6,40,Greg,41.46561,-73.45534,6/23/05,ND,ND,sunny,0,0,0,0,0,4,0,0,0,0,0,0,0,0,0,0
100,7,50,Greg,41.46547,-73.45536,6/23/05,ND,ND,sunny,0,0,0,0,0,4,0,0,0,0,0,0,0,0,0,0
100,8,60,Greg,41.46542,-73.45548,6/23/05,ND,ND,sunny,0,0,0,0,0,4,0,0,0,0,0,0,0,0,0,0
100,9,70,Greg,41.46536,-73.45543,6/23/05,ND,ND,sunny,0,0,0,0,0,4,0,0,0,0,0,0,0,0,0,0
100,10,80,Greg,41.46523,-73.45535,6/23/05,ND,ND,sunny,0,0,0,0,0,4,0,0,0,0,0,0,0,0,0,0
101,1,0,Greg,41.45669,-73.45123,6/23/05,ND,ND,sunny,0,0,0,0,0,0,0,0,0,0,0,0,0,0,0,0
101,2,5,Greg,41.45676,-73.45119,6/23/05,ND,NO,sunny,0,0,0,0,0,0,0,0,0,0,0,0,0,0,0,0
101,3,10,Greg,41.45678,-73.45119,6/23/05,ND,ND,sunny,0,0,0,0,0,4,0,0,0,0,0,0,0,0,0,0
101,4,20,Greg,41.45683,-73.45105,6/23/05,3.9,NO,sunny,0,0,0,0,0,0,0,0,0,0,0,0,0,0,0,0
101,5,30,Greg,41.45689,-73.45098,6/23/05,5.2,ND,sunny,0,0,0,0,0,0,0,0,0,0,0,0,0,0,0,0
102,1,0,Greg,41.44748,-73.45383,6/23/05,ND,ND,sunny,0,0,0,0,0,0,0,0,0,0,0,0,0,0,0,0
103,1,0,Greg,41.43869,-73.45906,6/23/05,ND,ND,sunny,0,0,0,0,0,0,0,0,0,0,0,0,0,0,0,0
103,2,5,Greg,41.43869,-73.45901,6/23/05,0.9,ND,sunny,0,0,0,0,0,0,0,0,0,0,0,0,0,0,0,0
103,3,10,Greg,41.43866,-73.4589,6/23/05,1.2,ND,sunny,0,0,0,0,0,0,0,0,0,0,0,0,0,0,0,0
103,4,20,Greg,41.43863,-73.45879,6/23/05,3.6,NO,sunny,0,0,0,0,0,0,0,0,0,0,0,0,0,0,0,0
103,5,30,Greg,41.43858,-73.45865,6/23/05,7.6,ND,sunny,0,0,0,0,0,0,0,0,0,0,0,0,0,0,0,0
104,1,0,Greg,41.4282,-73.45926,6/23/05,ND,ND,sunny,0,0,0,0,0,0,0,0,0,0,0,0,0,0,0,0
104,2,5,Greg,41.4282,-73.45918,6/23/05,3.6,ND,sunny,0,0,0,0,0,0,0,0,0,0,0,0,0,0,0,0
104,3,10,Greg,41.42815,-73.4591,6/23/05,27,ND,sunny,0,0,0,0,0,0,0,0,0,0,0,0,0,0,0,0
104,4,20,Greg,41.42819,-73.45898,6/23/05,4.2,NO,sunny,0,0,0,0,0,0,0,0,0,0,0,0,0,0,0,0
105,1,0,Greg,41.42388,-73.45254,6/23/05,ND,NO,sunny,0,0,0,0,0,0,0,0,0,0,0,0,0,0,0,1
105,2,5,Greg,41.4239,-73.45262,6/23/05,ND,ND,sunny,0,0,0,1,0,0,0,0,0,0,1,0,0,0,0,2
105,3,10,Greg,41.42396,-73.45264,6/23/05,ND,ND,sunny,0,0,1,1,0,1,0,0,0,0,1,0,0,0,0,0
105,4,20,Greg,41.42402,-73.45272,6/23/05,ND,ND,sunny,0,0,0,1,0,0,0,0,0,0,0,0,0,0,0,1
105,5,30,Greg,41.42414,-73.45269,6/23/05,ND,ND,sunny,0,1,2,0,0,0,0,1,0,0,0,0,0,0,0,1
105,6,40,Greg,41.4242,-73.45218,6/23/05,ND,ND,sunny,0,1,0,0,1,0,0,0,0,0,0,0,0,0,0,0
105,7,50,Greg,41.4243,-73.45282,6/23/05,ND,ND,sunny,0,3,0,0,1,1,0,0,0,0,1,0,0,0,0,1
105,8,60,Greg,41.42439,-73.45284,6/23/05,ND,ND,sunny,0,1,0,0,0,0,0,1,0,0,1,0,0,0,0,0
105,9,70,Greg,41.42446,-73.4529,6/23/05,ND,NO,sunny,0,0,0,0,0,0,0,1,0,0,3,0,0,0,0,1
105,10,80,Greg,41.42455,-73.45293,6/23/05,ND,ND,sunny,0,0,0,0,1,1,0,0,0,0,0,0,0,0,0,0